signal_time,return,diff,pnl
1753332900,4.06E-07,0.005082591,0.0000%
1753333200,-7.89E-07,0.000985097,0.0000%
1753333500,-8.37E-06,0.002865141,-0.0009%
1753333800,-9.37E-06,0.001397509,-0.0018%
1753334100,-3.19E-06,0.003822301,-0.0021%
1753334400,2.61E-07,0.003220353,-0.0021%
1753334700,-2.65E-06,0.002017408,-0.0024%
1753335000,5.08E-06,0.00248379,-0.0019%
1753335300,7.32E-06,0.004939861,-0.0011%
1753335600,2.89E-05,0.002794463,0.0018%
1753335900,-2.32E-05,0.003879944,-0.0006%
1753336200,-5.31E-06,0.003034868,-0.0011%
1753336500,2.87E-05,0.002670579,0.0018%
1753336800,-8.54E-06,0.00133351,0.0009%
1753337100,-1.79E-05,0.002163586,-0.0009%
1753337400,2.75E-05,0.003853893,0.0019%
1753337700,-5.07E-05,0.001362562,-0.0032%
1753338000,5.44E-05,0.005281748,0.0023%
1753338300,1.26E-05,0.001060484,0.0035%
1753338600,-7.90E-06,0.001538823,0.0027%
1753338900,-5.86E-05,0.003497983,-0.0031%
1753339200,-2.25E-06,0.001699207,-0.0033%
1753339500,6.53E-06,0.002195567,-0.0027%
1753339800,-5.38E-06,0.005048305,-0.0032%
1753340100,2.71E-06,0.002320731,-0.0030%
1753340400,-0.000107526,0.004964987,-0.0137%
1753340700,0.000135216,0.004984175,-0.0002%
1753341000,0.000174663,0.001807469,0.0173%
1753341300,3.09E-05,0.002945182,0.0204%
1753341600,-4.29E-05,0.002052153,0.0161%
1753341900,4.82E-05,0.001888953,0.0209%
1753342200,-2.23E-05,0.003543381,0.0187%
1753342500,7.45E-05,0.003563477,0.0261%
1753342800,5.74E-05,0.002478122,0.0318%
1753343100,-7.89E-06,0.000950003,0.0311%
1753343400,8.58E-05,0.001605429,0.0396%
1753343700,-2.40E-06,0.001775751,0.0394%
1753344000,4.00E-05,0.003485997,0.0434%
1753344300,0.000117776,0.00355813,0.0552%
1753344600,9.21E-05,0.002614372,0.0644%
1753344900,1.83E-06,0.002838728,0.0646%
1753345200,-4.52E-05,0.001244676,0.0601%
1753345500,2.42E-05,0.002359901,0.0625%
1753345800,-6.09E-06,0.001575219,0.0619%
1753346100,1.07E-05,0.003943405,0.0629%
1753346400,-7.79E-05,0.001095179,0.0551%
1753346700,8.69E-05,0.004582854,0.0638%
1753347000,-4.25E-05,0.002202118,0.0596%
1753347300,4.69E-05,0.001639132,0.0643%
1753347600,1.36E-05,0.001145363,0.0656%
1753347900,-5.04E-05,0.001695374,0.0606%
1753348200,1.27E-05,0.001333402,0.0619%
1753348500,-7.82E-05,0.002004483,0.0540%
1753348800,-3.85E-05,0.002215507,0.0502%
1753349100,6.56E-05,0.001645688,0.0568%
1753349400,-6.37E-05,0.001803448,0.0504%
1753349700,-4.64E-05,0.002396942,0.0457%
1753350000,4.38E-05,0.001459004,0.0501%
1753350300,-5.09E-05,0.003622401,0.0450%
1753350600,7.59E-05,0.00206887,0.0526%
1753350900,3.46E-05,0.001697819,0.0561%
1753351200,4.23E-05,0.00170515,0.0603%
1753351500,-0.000132204,0.001252185,0.0471%
1753351800,-2.07E-05,0.001745766,0.0450%
1753352100,-6.30E-05,0.002503279,0.0387%
1753352400,-7.16E-05,0.001261037,0.0316%
1753352700,-4.94E-05,0.002840759,0.0266%
1753353000,-4.65E-05,0.002990834,0.0220%
1753353300,4.41E-05,0.004489276,0.0264%
1753353600,2.51E-05,0.002275508,0.0289%
1753353900,0.000123176,0.00218093,0.0412%
1753354200,-2.03E-05,0.00156855,0.0392%
1753354500,-1.57E-05,0.004665404,0.0376%
1753354800,2.93E-06,0.001567826,0.0379%
1753355100,0.000102016,0.002176885,0.0481%
1753355400,0.000108556,0.002781345,0.0590%
1753355700,3.62E-05,0.001569854,0.0626%
1753356000,-6.08E-05,0.001390507,0.0565%
1753356300,-1.86E-05,0.001311161,0.0546%
1753356600,-8.08E-06,0.002658855,0.0538%
1753356900,-7.33E-05,0.001788911,0.0465%
1753357200,3.46E-05,0.00173852,0.0500%
1753357500,1.83E-05,0.002572456,0.0518%
1753357800,9.00E-06,0.002168539,0.0527%
1753358100,-2.71E-05,0.003729626,0.0500%
1753358400,6.78E-05,0.002174336,0.0568%
1753358700,-9.78E-05,0.001259922,0.0470%
1753359000,1.30E-05,0.001255882,0.0483%
1753359300,-7.34E-05,0.00182636,0.0409%
1753359600,-6.72E-05,0.00162043,0.0342%
1753359900,6.22E-05,0.001386715,0.0404%
1753360200,-0.000112638,0.002249709,0.0292%
1753360500,3.88E-05,0.00084576,0.0330%
1753360800,-4.61E-05,0.00191625,0.0284%
1753361100,-1.77E-05,0.002717181,0.0266%
1753361400,3.29E-05,0.0029275,0.0299%
1753361700,0.000109818,0.001243028,0.0409%
1753362000,-2.06E-05,0.001881032,0.0389%
1753362300,2.51E-05,0.001771956,0.0414%
1753362600,-9.13E-06,0.001340409,0.0405%
1753362900,6.95E-05,0.002324005,0.0474%
1753363200,-5.76E-05,0.001891123,0.0416%
1753363500,7.15E-06,0.001926663,0.0424%
1753363800,-9.29E-05,0.001005131,0.0331%
1753364100,-2.90E-05,0.002027111,0.0302%
1753364400,0.000164247,0.001446938,0.0466%
1753364700,-3.17E-05,0.001883901,0.0434%
1753365000,1.76E-05,0.00109586,0.0452%
1753365300,-3.15E-05,0.003052989,0.0420%
1753365600,0.000132569,0.001909428,0.0553%
1753365900,-0.000176364,0.002494288,0.0377%
1753366200,-2.95E-05,0.001101621,0.0347%
1753366500,-2.61E-05,0.002570607,0.0321%
1753366800,0.000118933,0.002285932,0.0440%
1753367100,-4.08E-06,0.00256091,0.0436%
1753367400,0.00018358,0.001368159,0.0619%
1753367700,8.00E-05,0.001197218,0.0699%
1753368000,-9.33E-05,0.001032936,0.0606%
1753368300,0.000149912,0.001382422,0.0756%
1753368600,2.51E-05,0.001675232,0.0781%
1753368900,0.000137793,0.001184602,0.0919%
1753369200,3.12E-05,0.001740348,0.0950%
1753369500,2.61E-05,0.003353071,0.0976%
1753369800,-3.61E-05,0.00207207,0.0940%
1753370100,0.000135262,0.001540505,0.1075%
1753370400,5.48E-05,0.002581506,0.1130%
1753370700,-8.86E-06,0.003502839,0.1121%
1753371000,-9.53E-05,0.001244412,0.1026%
1753371300,0.000118572,0.003407874,0.1145%
1753371600,9.85E-05,0.001256068,0.1243%
1753371900,-4.33E-06,0.001420343,0.1239%
1753372200,-7.81E-06,0.001832958,0.1231%
1753372500,-0.000104014,0.001648244,0.1127%
1753372800,-2.19E-06,0.0025065,0.1125%
1753373100,-7.19E-05,0.00183225,0.1053%
1753373400,-2.94E-05,0.001977416,0.1024%
1753373700,2.36E-05,0.003666743,0.1047%
1753374000,0.000152624,0.00134886,0.1200%
1753374300,1.46E-05,0.001910611,0.1214%
1753374600,-0.000110569,0.001739035,0.1104%
1753374900,-8.27E-05,0.002246981,0.1021%
1753375200,-7.93E-05,0.001973515,0.0942%
1753375500,-4.40E-06,0.001623008,0.0937%
1753375800,9.05E-05,0.00362276,0.1028%
1753376100,-6.00E-06,0.001518621,0.1022%
1753376400,0.000148532,0.002151262,0.1170%
1753376700,-0.00014557,0.002016528,0.1025%
1753377000,-6.28E-05,0.00101835,0.0962%
1753377300,-6.50E-05,0.001300152,0.0897%
1753377600,-6.36E-05,0.001792719,0.0833%
1753377900,2.03E-05,0.002578364,0.0854%
1753378200,5.11E-05,0.000943156,0.0905%
1753378500,0.000124243,0.001870031,0.1029%
1753378800,4.83E-05,0.00147392,0.1078%
1753379100,-7.19E-05,0.001713216,0.1006%
1753379400,-0.000109114,0.001179205,0.0896%
1753379700,5.76E-05,0.001256422,0.0954%
1753380000,-2.04E-05,0.001052082,0.0934%
1753380300,0.000141743,0.00310563,0.1075%
1753380600,-0.000172808,0.003090746,0.0903%
1753380900,-6.06E-05,0.002622159,0.0842%
1753381200,-1.07E-05,0.001656514,0.0831%
1753381500,7.66E-05,0.002266001,0.0908%
1753381800,6.26E-05,0.002240659,0.0970%
1753382100,3.37E-05,0.002282942,0.1004%
1753382400,0.000139067,0.002001569,0.1143%
1753382700,-2.09E-05,0.000933078,0.1122%
1753383000,-5.84E-05,0.001951195,0.1064%
1753383300,-0.000129047,0.002316358,0.0935%
1753383600,9.84E-05,0.000924375,0.1033%
1753383900,0.000202207,0.004374063,0.1235%
1753384200,-5.30E-05,0.002126555,0.1182%
1753384500,-1.13E-05,0.003115284,0.1171%
1753384800,-8.18E-05,0.001354191,0.1089%
1753385100,-0.000100071,0.003560628,0.0989%
1753385400,0.000134827,0.001023365,0.1124%
1753385700,-8.22E-05,0.002319387,0.1042%
1753386000,4.47E-05,0.002395642,0.1087%
1753386300,5.04E-05,0.001469055,0.1137%
1753386600,3.72E-05,0.001046506,0.1174%
1753386900,3.55E-05,0.003701444,0.1210%
1753387200,-2.20E-05,0.001252523,0.1188%
1753387500,-0.000129787,0.003261323,0.1058%
1753387800,1.62E-05,0.003314138,0.1074%
1753388100,8.31E-05,0.002477668,0.1157%
1753388400,-4.14E-05,0.001024172,0.1116%
1753388700,8.12E-07,0.001126144,0.1117%
1753389000,-0.000126811,0.005182013,0.0990%
1753389300,-5.86E-05,0.001170799,0.0931%
1753389600,-1.20E-05,0.003219042,0.0919%
1753389900,-1.10E-05,0.000899363,0.0908%
1753390200,4.39E-05,0.00128074,0.0952%
1753390500,-9.26E-05,0.001068974,0.0860%
1753390800,0.000275664,0.001845168,0.1135%
1753391100,-3.62E-05,0.00204582,0.1099%
1753391400,8.20E-05,0.001761878,0.1181%
1753391700,-9.39E-06,0.002774692,0.1172%
1753392000,1.09E-05,0.001439124,0.1182%
1753392300,-5.58E-05,0.002458259,0.1127%
1753392600,0.000206956,0.000864749,0.1334%
1753392900,1.15E-05,0.00274363,0.1345%
1753393200,0.000160092,0.001223834,0.1505%
1753393500,8.98E-05,0.001026617,0.1595%
1753393800,9.20E-05,0.002023788,0.1687%
1753394100,0.000474506,0.001643532,0.2161%
1753394400,9.28E-05,0.002051737,0.2254%
1753394700,-7.34E-06,0.002729187,0.2247%
1753395000,0.000119696,0.000896023,0.2367%
1753395300,0.00013251,0.001148319,0.2499%
1753395600,-0.000151581,0.00212573,0.2348%
1753395900,-4.69E-05,0.002762975,0.2301%
1753396200,0.000184511,0.005021839,0.2485%
1753396500,4.82E-05,0.003184972,0.2533%
1753396800,0.000152955,0.002990582,0.2686%
1753397100,6.50E-06,0.003033008,0.2693%
1753397400,9.88E-05,0.000951334,0.2792%
1753397700,0.000203672,0.001259115,0.2995%
1753398000,-8.63E-05,0.002408289,0.2909%
1753398300,-9.76E-05,0.001569655,0.2811%
1753398600,0.000141134,0.001977279,0.2953%
1753398900,-0.000278508,0.003105278,0.2674%
1753399200,-1.74E-05,0.00248935,0.2657%
1753399500,-1.27E-05,0.004815161,0.2644%
1753399800,0.00019731,0.001836512,0.2841%
1753400100,0.00023927,0.000996225,0.3081%
1753400400,-3.79E-06,0.001527528,0.3077%
1753400700,-0.00022787,0.00538082,0.2849%
1753401000,0.000177154,0.002611674,0.3026%
1753401300,-0.000138174,0.001335957,0.2888%
1753401600,-0.000226477,0.001324477,0.2661%
1753401900,0.000200617,0.002724562,0.2862%
1753402200,-0.000325449,0.002957081,0.2537%
1753402500,-0.000262711,0.001252968,0.2274%
1753402800,-1.09E-05,0.00394445,0.2263%
1753403100,0.000172738,0.00161753,0.2436%
1753403400,7.05E-05,0.001084767,0.2506%
1753403700,-0.000382192,0.001608441,0.2124%
1753404000,-0.000212364,0.002556203,0.1912%
1753404300,-0.000389813,0.002648298,0.1522%
1753404600,0.000191994,0.001375215,0.1714%
1753404900,-0.000179492,0.004444874,0.1534%
1753405200,0.000253408,0.001374382,0.1788%
1753405500,-0.00026122,0.00103334,0.1526%
1753405800,-0.000227895,0.004030409,0.1299%
1753406100,2.09E-05,0.003131155,0.1319%
1753406400,7.22E-05,0.002027846,0.1392%
1753406700,-9.54E-05,0.001648671,0.1296%
1753407000,6.74E-05,0.002021919,0.1364%
1753407300,1.01E-05,0.00399193,0.1374%
1753407600,0.000203946,0.002154406,0.1578%
1753407900,-0.000228075,0.001100576,0.1350%
1753408200,-5.07E-05,0.001172072,0.1299%
1753408500,8.96E-05,0.001239835,0.1389%
1753408800,-0.000153312,0.001539882,0.1235%
1753409100,-0.000136999,0.002032349,0.1098%
1753409400,7.41E-05,0.003376783,0.1172%
1753409700,0.000311082,0.003188992,0.1483%
1753410000,8.57E-05,0.001683417,0.1569%
1753410300,-0.00010038,0.003018443,0.1469%
1753410600,1.95E-05,0.002377313,0.1488%
1753410900,-7.68E-05,0.002929472,0.1411%
1753411200,-0.000358649,0.000961214,0.1053%
1753411500,-4.38E-05,0.002421988,0.1009%
1753411800,4.47E-05,0.003242283,0.1054%
1753412100,-0.00021593,0.002704567,0.0838%
1753412400,-0.000179408,0.00392622,0.0658%
1753412700,0.000276799,0.0011703,0.0935%
1753413000,-5.34E-05,0.003834379,0.0882%
1753413300,-0.00019815,0.003715081,0.0684%
1753413600,0.00012375,0.004456457,0.0807%
1753413900,2.78E-05,0.001051562,0.0835%
1753414200,-0.000238884,0.002358648,0.0596%
1753414500,-0.000255465,0.003068285,0.0341%
1753414800,-0.000248386,0.002273142,0.0092%
1753415100,0.000243953,0.002718369,0.0336%
1753415400,-0.00039196,0.004691739,-0.0056%
1753415700,0.000121253,0.002702836,0.0066%
1753416000,0.000189982,0.002931759,0.0256%
1753416300,-0.000252708,0.001921314,0.0003%
1753416600,0.000289549,0.003291412,0.0292%
1753416900,-0.000178931,0.005851751,0.0114%
1753417200,-0.00017735,0.005327821,-0.0064%
1753417500,0.000362755,0.002025533,0.0299%
1753417800,-7.19E-05,0.001627317,0.0227%
1753418100,0.000658825,0.00306122,0.0886%
1753418400,-2.28E-05,0.002230016,0.0863%
1753418700,0.000298462,0.002141308,0.1162%
1753419000,7.43E-05,0.001147943,0.1236%
1753419300,6.19E-05,0.001374071,0.1298%
1753419600,-0.000288263,0.003216049,0.1010%
1753419900,-0.000236896,0.001110518,0.0773%
1753420200,-0.000672615,0.001245323,0.0100%
1753420500,0.00074477,0.002733475,0.0845%
1753420800,4.50E-05,0.00178775,0.0890%
1753421100,-0.000252765,0.001121074,0.0637%
1753421400,-0.000348532,0.001710496,0.0289%
1753421700,9.83E-05,0.001794023,0.0387%
1753422000,0.000313795,0.00109409,0.0701%
1753422300,-0.000316445,0.001535946,0.0384%
1753422600,-3.61E-05,0.001256364,0.0348%
1753422900,0.000385774,0.001527525,0.0734%
1753423200,-0.000149568,0.002391477,0.0584%
1753423500,-0.000178521,0.001555512,0.0406%
1753423800,8.29E-05,0.004217605,0.0489%
1753424100,0.000112218,0.001277104,0.0601%
1753424400,-0.000244261,0.001259499,0.0357%
1753424700,0.000325747,0.003101465,0.0682%
1753425000,-0.000147379,0.001335279,0.0535%
1753425300,-0.000113641,0.002069383,0.0421%
1753425600,0.000387533,0.002561719,0.0809%
1753425900,-8.83E-05,0.001630653,0.0721%
1753426200,-0.000102155,0.00210809,0.0619%
1753426500,-8.88E-05,0.002249197,0.0530%
1753426800,0.000114069,0.002937849,0.0644%
1753427100,7.30E-05,0.001679254,0.0717%
1753427400,0.001040904,0.002723383,0.1758%
1753427700,0.000373955,0.001190351,0.2132%
1753428000,9.53E-06,0.001916643,0.2141%
1753428300,-0.000291014,0.002012022,0.1850%
1753428600,-0.000510188,0.001573478,0.1340%
1753428900,-6.42E-06,0.001536949,0.1334%
1753429200,-0.000220713,0.001380366,0.1113%
1753429500,-0.000164023,0.001934102,0.0949%
1753429800,-0.000556072,0.00098638,0.0393%
1753430100,0.000917869,0.001010102,0.1311%
1753430400,0.000371779,0.000999762,0.1682%
1753430700,4.37E-05,0.001798572,0.1726%
1753431000,0.00028827,0.001375176,0.2014%
1753431300,5.85E-06,0.00258296,0.2020%
1753431600,-9.68E-05,0.001165069,0.1923%
1753431900,0.000123515,0.001933856,0.2047%
1753432200,-0.000254606,0.003135908,0.1792%
1753432500,0.00014397,0.001128043,0.1936%
1753432800,-0.000275681,0.001788123,0.1661%
1753433100,0.00102744,0.002451891,0.2688%
1753433400,-0.000377531,0.002036559,0.2311%
1753433700,-0.000300657,0.002812708,0.2010%
1753434000,-0.000279337,0.00108996,0.1731%
1753434300,-1.92E-05,0.001325512,0.1711%
1753434600,0.000194288,0.001651955,0.1906%
1753434900,0.000307591,0.002193225,0.2213%
1753435200,4.81E-05,0.001930083,0.2261%
1753435500,0.000812836,0.002031615,0.3074%
1753435800,-0.000155978,0.003247782,0.2918%
1753436100,-0.0001698,0.00251281,0.2748%
1753436400,-0.000277832,0.001251444,0.2471%
1753436700,0.000149153,0.001315095,0.2620%
1753437000,0.000886597,0.002153027,0.3506%
1753437300,-8.29E-05,0.001214496,0.3423%
1753437600,4.54E-05,0.002161237,0.3469%
1753437900,-0.000226997,0.002619076,0.3242%
1753438200,0.000237624,0.002250175,0.3479%
1753438500,0.000153188,0.002221464,0.3633%
1753438800,-0.00010359,0.00262623,0.3529%
1753439100,2.86E-05,0.003220769,0.3558%
1753439400,0.0002027,0.002074815,0.3760%
1753439700,-0.000180813,0.003527474,0.3580%
1753440000,0.000178668,0.00089902,0.3758%
1753440300,-0.000192885,0.001646561,0.3565%
1753440600,-4.09E-05,0.002627213,0.3524%
1753440900,-8.81E-05,0.001868652,0.3436%
1753441200,7.39E-05,0.002818489,0.3510%
1753441500,0.000397889,0.003028278,0.3908%
1753441800,3.59E-05,0.001335224,0.3944%
1753442100,0.000145072,0.002512584,0.4089%
1753442400,7.79E-05,0.001385967,0.4167%
1753442700,-0.000160965,0.001694834,0.4006%
1753443000,-5.86E-05,0.002556786,0.3947%
1753443300,-0.000158994,0.003399662,0.3788%
1753443600,-0.000122755,0.00304528,0.3666%
1753443900,-1.10E-05,0.001916955,0.3655%
1753444200,-6.43E-05,0.002750067,0.3590%
1753444500,-4.42E-05,0.001100439,0.3546%
1753444800,-0.000143402,0.002343391,0.3403%
1753445100,-9.36E-06,0.002599107,0.3393%
1753445400,0.000266568,0.001625288,0.3660%
1753445700,0.000109642,0.003063679,0.3770%
1753446000,-0.000193274,0.001678697,0.3576%
1753446300,2.96E-05,0.003221743,0.3606%
1753446600,-0.000504662,0.003631383,0.3101%
1753446900,-0.000190045,0.001766921,0.2911%
1753447200,0.000388588,0.005465834,0.3300%
1753447500,-0.000170323,0.001986887,0.3130%
1753447800,-0.000498634,0.002071756,0.2631%
1753448100,-0.000247786,0.002177231,0.2383%
1753448400,-3.15E-05,0.003410269,0.2352%
1753448700,0.000331301,0.001833856,0.2683%
1753449000,-5.83E-06,0.003016103,0.2677%
1753449300,-0.000424047,0.004236114,0.2253%
1753449600,8.46E-05,0.001492876,0.2338%
1753449900,0.00014501,0.002154158,0.2483%
1753450200,0.000450141,0.000804974,0.2933%
1753450500,-0.00117864,0.001632028,0.1754%
1753450800,0.000109428,0.002540923,0.1864%
1753451100,-0.000269045,0.000758793,0.1595%
1753451400,0.000482138,0.001655813,0.2077%
1753451700,0.000121453,0.00096066,0.2198%
1753452000,-0.00041706,0.001363436,0.1781%
1753452300,0.000361609,0.001223739,0.2143%
1753452600,-0.000609179,0.002234923,0.1534%
1753452900,0.000637942,0.003483838,0.2171%
1753453200,0.000178652,0.00441332,0.2350%
1753453500,0.000373031,0.001218343,0.2723%
1753453800,-0.000420197,0.003108193,0.2303%
1753454100,-0.00050404,0.001397171,0.1799%
1753454400,-0.000689623,0.002054868,0.1109%
1753454700,-0.000195383,0.00365498,0.0914%
1753455000,-0.00061607,0.001564244,0.0298%
1753455300,0.000919472,0.004093226,0.1217%
1753455600,-0.000265262,0.003047753,0.0952%
1753455900,-0.000231781,0.001313875,0.0720%
1753456200,-2.38E-05,0.002349264,0.0696%
1753456500,2.32E-05,0.001252121,0.0720%
1753456800,0.000458613,0.000970644,0.1178%
1753457100,-5.65E-05,0.002551502,0.1122%
1753457400,6.60E-05,0.001999166,0.1188%
1753457700,2.64E-05,0.001159487,0.1214%
1753458000,-0.000715436,0.001673523,0.0499%
1753458300,0.000106768,0.00304441,0.0606%
1753458600,0.000425016,0.001404722,0.1031%
1753458900,7.86E-05,0.002723205,0.1109%
1753459200,-0.00028187,0.002524878,0.0827%
1753459500,-4.66E-06,0.002781059,0.0823%
1753459800,6.64E-05,0.001746617,0.0889%
1753460100,-0.000317946,0.004171648,0.0571%
1753460400,-0.000211216,0.003418968,0.0360%
1753460700,0.000350197,0.001864492,0.0710%
1753461000,-0.000267506,0.002288534,0.0443%
1753461300,0.00024872,0.003278843,0.0691%
1753461600,-7.12E-05,0.002910594,0.0620%
1753461900,-1.95E-05,0.001727934,0.0601%
1753462200,-0.000276177,0.001613262,0.0324%
1753462500,9.75E-05,0.003397026,0.0422%
1753462800,-4.90E-05,0.002059534,0.0373%
1753463100,-5.32E-06,0.001821339,0.0368%
1753463400,-0.000295734,0.001789379,0.0072%
1753463700,-0.000720749,0.001082909,-0.0649%
1753464000,0.00041639,0.002964521,-0.0233%
1753464300,-0.000430031,0.004381779,-0.0663%
1753464600,-0.000416285,0.001867461,-0.1079%
1753464900,-0.00025997,0.002468166,-0.1339%
1753465200,0.00032358,0.000941554,-0.1015%
1753465500,0.000118009,0.002531999,-0.0897%
1753465800,0.000113448,0.003708804,-0.0784%
1753466100,-0.000379677,0.002643955,-0.1163%
1753466400,0.000248709,0.001348821,-0.0915%
1753466700,-0.000167016,0.002510924,-0.1082%
1753467000,-0.000161122,0.00117769,-0.1243%
1753467300,0.000151334,0.001390213,-0.1092%
1753467600,0.000502376,0.001003736,-0.0589%
1753467900,-0.000401341,0.001830591,-0.0991%
1753468200,9.01E-05,0.001976848,-0.0900%
1753468500,-0.000411339,0.00128323,-0.1312%
1753468800,-0.000265663,0.001268467,-0.1577%
1753469100,0.000377888,0.002014291,-0.1200%
1753469400,-4.85E-05,0.0017221,-0.1248%
1753469700,-0.000190172,0.001182314,-0.1438%
1753470000,0.000332954,0.001967151,-0.1105%
1753470300,0.000464711,0.002418206,-0.0640%
1753470600,4.04E-05,0.001854359,-0.0600%
1753470900,-8.54E-06,0.001998986,-0.0609%
1753471200,-0.000436345,0.001945505,-0.1045%
1753471500,2.01E-05,0.002638282,-0.1025%
1753471800,-0.000133643,0.001710894,-0.1158%
1753472100,0.00059215,0.002136249,-0.0566%
1753472400,0.000261149,0.003177141,-0.0305%
1753472700,-2.87E-05,0.001437626,-0.0334%
1753473000,-0.000769194,0.002070795,-0.1103%
1753473300,-0.000221014,0.00188379,-0.1324%
1753473600,0.000464828,0.002697649,-0.0859%
1753473900,-0.000785034,0.001369871,-0.1644%
1753474200,0.000378403,0.002335938,-0.1266%
1753474500,0.000270857,0.001342162,-0.0995%
1753474800,-0.000184079,0.001432303,-0.1179%
1753475100,-0.00030472,0.001263687,-0.1484%
1753475400,0.001257434,0.001472874,-0.0226%
1753475700,9.83E-05,0.001056691,-0.0128%
1753476000,0.000722459,0.003131183,0.0594%
1753476300,-0.000433237,0.002384287,0.0161%
1753476600,-8.14E-05,0.003098387,0.0080%
1753476900,0.000296433,0.001238441,0.0376%
1753477200,-0.000171404,0.001565423,0.0205%
1753477500,-5.69E-05,0.001375471,0.0148%
1753477800,0.000853321,0.002040546,0.1001%
1753478100,0.000402086,0.000948103,0.1403%
1753478400,0.000136405,0.001119562,0.1540%
1753478700,-0.000152595,0.004074368,0.1387%
1753479000,1.73E-06,0.000940388,0.1389%
1753479300,-0.000268444,0.00264615,0.1120%
1753479600,-0.000160151,0.002230048,0.0960%
1753479900,0.000153107,0.002342569,0.1113%
1753480200,-8.54E-05,0.001449353,0.1028%
1753480500,-0.000161081,0.002962288,0.0867%
1753480800,-0.000317851,0.001898822,0.0549%
1753481100,0.000294646,0.005123815,0.0844%
1753481400,-0.000238962,0.003911788,0.0605%
1753481700,-8.25E-05,0.00323547,0.0522%
1753482000,-0.000222681,0.001673868,0.0299%
1753482300,9.21E-05,0.002387954,0.0392%
1753482600,-9.76E-06,0.003246935,0.0382%
1753482900,0.00010548,0.002207689,0.0487%
1753483200,-0.000308165,0.001640995,0.0179%
1753483500,0.000119642,0.001790889,0.0299%
1753483800,-0.000204162,0.00191857,0.0095%
1753484100,-0.00022883,0.001349495,-0.0134%
1753484400,-0.000218755,0.001189314,-0.0353%
1753484700,2.08E-05,0.001308095,-0.0332%
1753485000,6.53E-05,0.001097046,-0.0267%
1753485300,0.000175665,0.001874214,-0.0091%
1753485600,0.000319065,0.00250913,0.0228%
1753485900,-0.000321271,0.002648931,-0.0093%
1753486200,0.000113806,0.001958916,0.0020%
1753486500,0.000663825,0.001133102,0.0684%
1753486800,-0.000310272,0.00152273,0.0374%
1753487100,3.48E-05,0.001186867,0.0409%
1753487400,-0.000412677,0.002609448,-0.0004%
1753487700,-0.000178517,0.002529867,-0.0183%
1753488000,-0.00038294,0.001183666,-0.0565%
1753488300,0.000134251,0.001772195,-0.0431%
1753488600,0.000297591,0.00243585,-0.0134%
1753488900,0.000250198,0.001589745,0.0117%
1753489200,-5.87E-05,0.001783984,0.0058%
1753489500,0.000398187,0.001140109,0.0456%
1753489800,-4.95E-05,0.001454664,0.0407%
1753490100,-5.36E-05,0.003435596,0.0353%
1753490400,-0.000204499,0.001906393,0.0148%
1753490700,-8.76E-06,0.001080559,0.0140%
1753491000,0.000188155,0.001915385,0.0328%
1753491300,0.000477303,0.000886551,0.0805%
1753491600,-0.000150035,0.001824186,0.0655%
1753491900,-0.000183219,0.002530325,0.0472%
1753492200,1.82E-05,0.001161336,0.0490%
1753492500,-0.000116577,0.001029944,0.0373%
1753492800,-6.35E-05,0.000964179,0.0310%
1753493100,0.000362996,0.003040357,0.0673%
1753493400,-0.000125345,0.001955478,0.0548%
1753493700,-1.15E-05,0.001646128,0.0536%
1753494000,-1.53E-05,0.001892658,0.0521%
1753494300,0.000112561,0.00239338,0.0633%
1753494600,3.16E-05,0.001024389,0.0665%
1753494900,-0.000268338,0.002457052,0.0397%
1753495200,5.14E-06,0.001430531,0.0402%
1753495500,0.000196302,0.001891365,0.0598%
1753495800,0.000352964,0.001304973,0.0951%
1753496100,6.42E-05,0.002028249,0.1015%
1753496400,0.000894059,0.001688502,0.1909%
1753496700,2.27E-05,0.001604164,0.1932%
1753497000,-0.000386792,0.001073907,0.1545%
1753497300,-0.000635043,0.002495187,0.0910%
1753497600,-0.000234904,0.001424031,0.0675%
1753497900,0.000460819,0.002244801,0.1136%
1753498200,-0.000111941,0.001552272,0.1024%
1753498500,-7.94E-05,0.001803386,0.0945%
1753498800,6.34E-05,0.001687338,0.1008%
1753499100,0.000201266,0.001329548,0.1209%
1753499400,0.000114343,0.004612096,0.1324%
1753499700,-3.24E-05,0.001703148,0.1291%
1753500000,-0.000132706,0.001597895,0.1159%
1753500300,-3.16E-05,0.000911501,0.1127%
1753500600,0.000261438,0.001017359,0.1389%
1753500900,-4.41E-05,0.000992743,0.1344%
1753501200,-8.74E-05,0.001132858,0.1257%
1753501500,0.00012545,0.002111593,0.1382%
1753501800,0.000285502,0.00106686,0.1668%
1753502100,-6.67E-05,0.003737868,0.1601%
1753502400,-6.09E-05,0.001274981,0.1540%
1753502700,0.000447423,0.002477451,0.1988%
1753503000,-0.000248649,0.001055637,0.1739%
1753503300,-6.20E-05,0.00170845,0.1677%
1753503600,-0.000349083,0.00178651,0.1328%
1753503900,0.000369473,0.003098706,0.1697%
1753504200,-3.69E-05,0.002951766,0.1661%
1753504500,0.000100882,0.001829223,0.1761%
1753504800,1.00E-04,0.000919239,0.1861%
1753505100,0.000167784,0.001413256,0.2029%
1753505400,0.000281522,0.00211959,0.2311%
1753505700,-0.000161381,0.001066185,0.2149%
1753506000,-0.000355999,0.003173128,0.1793%
1753506300,-0.000287484,0.001607786,0.1506%
1753506600,4.94E-05,0.001231611,0.1555%
1753506900,-0.000249246,0.002061758,0.1306%
1753507200,0.00012966,0.003165572,0.1436%
1753507500,-0.000116069,0.002601617,0.1320%
1753507800,2.83E-05,0.002099467,0.1348%
1753508100,7.34E-06,0.004089462,0.1355%
1753508400,-0.000238034,0.003769445,0.1117%
1753508700,-3.06E-05,0.001348014,0.1087%
1753509000,3.50E-05,0.002588292,0.1122%
1753509300,-7.48E-05,0.003356113,0.1047%
1753509600,-0.000285505,0.001440094,0.0761%
1753509900,8.52E-05,0.002129241,0.0846%
1753510200,0.00016212,0.003245258,0.1009%
1753510500,-0.000147929,0.002167002,0.0861%
1753510800,-0.000267008,0.00273387,0.0594%
1753511100,0.000146223,0.002290243,0.0740%
1753511400,0.00032907,0.00238085,0.1069%
1753511700,0.000166211,0.001596753,0.1235%
1753512000,3.78E-05,0.00382461,0.1273%
1753512300,-0.00019383,0.00190743,0.1079%
1753512600,0.000107572,0.002190351,0.1187%
1753512900,-0.000245156,0.002270297,0.0942%
1753513200,-6.38E-05,0.001200167,0.0878%
1753513500,-0.000229568,0.004455045,0.0648%
1753513800,0.000157225,0.00233214,0.0805%
1753514100,9.74E-05,0.001437636,0.0903%
1753514400,-9.11E-05,0.001259913,0.0812%
1753514700,-9.13E-05,0.001998755,0.0720%
1753515000,0.000133586,0.00251593,0.0854%
1753515300,8.75E-05,0.001079374,0.0941%
1753515600,-0.000189384,0.001360777,0.0752%
1753515900,5.64E-05,0.001383908,0.0808%
1753516200,-0.000130544,0.001381229,0.0678%
1753516500,7.73E-05,0.002534226,0.0755%
1753516800,-0.000108159,0.001645865,0.0647%
1753517100,1.83E-05,0.002088174,0.0665%
1753517400,-0.000155549,0.001189417,0.0510%
1753517700,0.000843587,0.00094537,0.1353%
1753518000,-7.78E-05,0.003476011,0.1275%
1753518300,0.000149464,0.000940032,0.1425%
1753518600,-0.00018125,0.003942576,0.1244%
1753518900,-0.000209865,0.001088362,0.1034%
1753519200,-0.000104556,0.005599053,0.0929%
1753519500,0.000951306,0.002545416,0.1881%
1753519800,-0.001036364,0.003482896,0.0844%
1753520100,-0.000511248,0.001195257,0.0333%
1753520400,-6.20E-05,0.002327098,0.0271%
1753520700,-0.001059962,0.002175172,-0.0789%
1753521000,-8.40E-05,0.002422709,-0.0873%
1753521300,0.000406898,0.000985551,-0.0466%
1753521600,-0.00018484,0.001553163,-0.0651%
1753521900,-9.52E-05,0.001078055,-0.0746%
1753522200,-0.000368599,0.004576278,-0.1115%
1753522500,-0.000102433,0.001045821,-0.1217%
1753522800,-0.000442638,0.002798304,-0.1660%
1753523100,0.00023982,0.001903102,-0.1420%
1753523400,2.04E-05,0.001578088,-0.1400%
1753523700,-5.33E-06,0.003071535,-0.1405%
1753524000,-0.000964182,0.001929431,-0.2369%
1753524300,0.000304121,0.002717136,-0.2065%
1753524600,0.000195523,0.001698094,-0.1869%
1753524900,0.000632335,0.002924729,-0.1237%
1753525200,0.000478313,0.002647116,-0.0759%
1753525500,0.00032439,0.00174112,-0.0434%
1753525800,0.000156031,0.001399393,-0.0278%
1753526100,0.000777911,0.002397496,0.0500%
1753526400,0.001073247,0.003762195,0.1573%
1753526700,-0.000876378,0.003022983,0.0696%
1753527000,0.000190412,0.004782324,0.0887%
1753527300,0.000114274,0.002519779,0.1001%
1753527600,0.000204998,0.003416589,0.1206%
1753527900,4.67E-05,0.001680037,0.1253%
1753528200,3.79E-05,0.002155433,0.1291%
1753528500,-0.000198645,0.002359602,0.1092%
1753528800,-0.000519069,0.001986037,0.0573%
1753529100,-0.000755921,0.001430404,-0.0183%
1753529400,0.000365867,0.001742395,0.0183%
1753529700,-0.000331727,0.002672609,-0.0149%
1753530000,0.000267337,0.002392096,0.0119%
1753530300,-6.80E-05,0.002694422,0.0051%
1753530600,-0.000487037,0.00388717,-0.0436%
1753530900,-7.93E-05,0.001689567,-0.0516%
1753531200,-0.000404699,0.001462558,-0.0920%
1753531500,0.000270719,0.002891999,-0.0650%
1753531800,0.000263087,0.001149636,-0.0387%
1753532100,-0.000330138,0.001303094,-0.0717%
1753532400,0.00051777,0.002453701,-0.0199%
1753532700,-0.000221268,0.00103978,-0.0420%
1753533000,0.000148129,0.001826704,-0.0272%
1753533300,0.000165542,0.004057953,-0.0107%
1753533600,0.000196421,0.003009734,0.0090%
1753533900,3.38E-05,0.001047522,0.0124%
1753534200,-0.000436374,0.001195969,-0.0313%
1753534500,6.71E-05,0.002013479,-0.0246%
1753534800,0.000549294,0.001395681,0.0304%
1753535100,0.000581336,0.003096862,0.0885%
1753535400,0.000353777,0.002903766,0.1239%
1753535700,0.000448257,0.001358985,0.1687%
1753536000,-0.000515448,0.001989207,0.1172%
1753536300,8.80E-06,0.002779964,0.1180%
1753536600,-0.00023498,0.002016193,0.0945%
1753536900,3.71E-05,0.002456337,0.0983%
1753537200,0.000151461,0.003554103,0.1134%
1753537500,0.000144022,0.002179297,0.1278%
1753537800,-0.000168274,0.004500826,0.1110%
1753538100,-5.36E-05,0.001156602,0.1056%
1753538400,0.000351164,0.001973742,0.1407%
1753538700,-0.000105047,0.003350908,0.1302%
1753539000,-0.000333764,0.00257141,0.0969%
1753539300,-4.43E-05,0.001452977,0.0924%
1753539600,-9.64E-06,0.001697978,0.0915%
1753539900,-0.000569022,0.003097546,0.0346%
1753540200,0.000101132,0.001369451,0.0447%
1753540500,6.95E-05,0.003850641,0.0516%
1753540800,0.000304431,0.001675019,0.0821%
1753541100,0.000106045,0.001410341,0.0927%
1753541400,0.000220137,0.003270904,0.1147%
1753541700,5.95E-05,0.002859568,0.1206%
1753542000,0.000172762,0.001391743,0.1379%
1753542300,-0.000211252,0.002492612,0.1168%
1753542600,-0.00033787,0.001905431,0.0830%
1753542900,-0.000647806,0.002723945,0.0182%
1753543200,-0.000142017,0.003481469,0.0040%
1753543500,-0.00053989,0.002398986,-0.0500%
1753543800,0.000286665,0.002103412,-0.0213%
1753544100,-0.000119263,0.004083563,-0.0332%
1753544400,0.00050743,0.001702788,0.0175%
1753544700,-0.000269868,0.001649752,-0.0095%
1753545000,0.000774005,0.001307005,0.0679%
1753545300,-0.000485354,0.003570094,0.0194%
1753545600,5.39E-05,0.003048737,0.0248%
1753545900,-0.000397058,0.002263082,-0.0149%
1753546200,0.000485216,0.002279161,0.0336%
1753546500,9.76E-05,0.00195756,0.0434%
1753546800,-0.000333009,0.001658091,0.0101%
1753547100,0.000241869,0.002877623,0.0342%
1753547400,-0.000146785,0.002114224,0.0196%
1753547700,2.94E-05,0.002582394,0.0225%
1753548000,0.00038142,0.001671029,0.0606%
1753548300,0.000130111,0.002851377,0.0737%
1753548600,-0.000237364,0.001648498,0.0499%
1753548900,0.000113371,0.001753564,0.0613%
1753549200,0.000444154,0.001757107,0.1057%
1753549500,0.000918522,0.001213961,0.1975%
1753549800,-0.000143699,0.001532082,0.1832%
1753550100,0.000332813,0.00229397,0.2164%
1753550400,4.79E-05,0.001323606,0.2212%
1753550700,-0.0002054,0.001308533,0.2007%
1753551000,0.000200302,0.002647769,0.2207%
1753551300,-4.33E-05,0.002724982,0.2164%
1753551600,0.000119592,0.001203629,0.2283%
1753551900,0.000105344,0.000957014,0.2389%
1753552200,3.31E-05,0.00336997,0.2422%
1753552500,-0.000125909,0.000894497,0.2296%
1753552800,-1.03E-05,0.002177145,0.2286%
1753553100,-0.000253586,0.00109874,0.2032%
1753553400,-2.53E-05,0.002518757,0.2007%
1753553700,-0.000388156,0.001029969,0.1619%
1753554000,0.000531766,0.001743521,0.2150%
1753554300,0.000206331,0.001652053,0.2357%
1753554600,3.69E-05,0.002102548,0.2394%
1753554900,0.000370765,0.000978201,0.2764%
1753555200,0.000440412,0.00315886,0.3205%
1753555500,-5.50E-05,0.002124845,0.3150%
1753555800,-0.000374134,0.001894894,0.2776%
1753556100,0.000457033,0.001412048,0.3233%
1753556400,-6.85E-05,0.001591505,0.3164%
1753556700,-0.00014327,0.003777085,0.3021%
1753557000,0.000261421,0.004290004,0.3282%
1753557300,5.14E-05,0.001596704,0.3334%
1753557600,0.0001357,0.002417186,0.3469%
1753557900,0.000109358,0.002137155,0.3579%
1753558200,-0.000269304,0.001999049,0.3310%
1753558500,-8.95E-05,0.001512996,0.3220%
1753558800,7.53E-05,0.002290043,0.3295%
1753559100,0.00014211,0.00293892,0.3437%
1753559400,0.0001567,0.004433299,0.3594%
1753559700,0.000118468,0.005264899,0.3713%
1753560000,-9.76E-05,0.00306798,0.3615%
1753560300,-0.000210821,0.002670305,0.3404%
1753560600,5.17E-05,0.000971953,0.3456%
1753560900,2.45E-05,0.001834036,0.3480%
1753561200,-4.23E-05,0.002220188,0.3438%
1753561500,-0.000273708,0.001969956,0.3164%
1753561800,0.000132667,0.002269748,0.3297%
1753562100,-2.03E-05,0.002760126,0.3277%
1753562400,5.51E-05,0.001073076,0.3332%
1753562700,-0.000119241,0.001335303,0.3213%
1753563000,-0.000111643,0.002520692,0.3101%
1753563300,-4.74E-05,0.001558462,0.3054%
1753563600,0.000268016,0.001273396,0.3322%
1753563900,0.000348529,0.000880174,0.3670%
1753564200,-0.000324114,0.001838345,0.3346%
1753564500,7.87E-05,0.003706317,0.3425%
1753564800,3.77E-05,0.000830451,0.3462%
1753565100,-8.20E-05,0.001482673,0.3380%
1753565400,0.000284315,0.001108444,0.3665%
1753565700,-4.36E-05,0.001179766,0.3621%
1753566000,-0.000180155,0.001640862,0.3441%
1753566300,0.000340543,0.001471719,0.3781%
1753566600,8.04E-05,0.001739348,0.3862%
1753566900,0.000285046,0.001292068,0.4147%
1753567200,-2.36E-05,0.004559622,0.4123%
1753567500,2.59E-05,0.001621915,0.4149%
1753567800,4.70E-05,0.002586295,0.4196%
1753568100,0.001300041,0.001940633,0.5496%
1753568400,0.001275409,0.002419332,0.6772%
1753568700,-0.002142979,0.002572857,0.4629%
1753569000,0.000407321,0.002320103,0.5036%
1753569300,0.00025946,0.004291457,0.5296%
1753569600,0.000336786,0.001892758,0.5632%
1753569900,0.000105353,0.001057309,0.5738%
1753570200,-0.00025991,0.001149959,0.5478%
1753570500,0.000206231,0.001003654,0.5684%
1753570800,0.00065576,0.002392995,0.6340%
1753571100,-0.000385555,0.001338926,0.5954%
1753571400,0.000106015,0.001199527,0.6060%
1753571700,-0.000123775,0.000863423,0.5936%
1753572000,-0.000551176,0.001617722,0.5385%
1753572300,-0.000177626,0.002788844,0.5208%
1753572600,-0.000392918,0.001274627,0.4815%
1753572900,0.000132683,0.001390584,0.4947%
1753573200,-6.53E-05,0.003428943,0.4882%
1753573500,-0.00012321,0.001805467,0.4759%
1753573800,-0.000288947,0.002276904,0.4470%
1753574100,0.000419097,0.000746841,0.4889%
1753574400,-0.000354865,0.00330944,0.4534%
1753574700,-0.000408439,0.003001514,0.4126%
1753575000,-0.000268226,0.001747483,0.3857%
1753575300,0.000496854,0.001391069,0.4354%
1753575600,-0.000295047,0.002029762,0.4059%
1753575900,-0.000371678,0.001604021,0.3688%
1753576200,0.000812075,0.001233737,0.4500%
1753576500,-3.42E-05,0.002832481,0.4465%
1753576800,-0.000133729,0.000875826,0.4332%
1753577100,0.000257287,0.001310412,0.4589%
1753577400,0.000411482,0.001979482,0.5001%
1753577700,0.000119999,0.001153039,0.5121%
1753578000,-9.93E-05,0.002305627,0.5021%
1753578300,0.00038381,0.004309177,0.5405%
1753578600,0.000458704,0.003661475,0.5864%
1753578900,-7.58E-05,0.002913807,0.5788%
1753579200,-0.000241767,0.002979376,0.5546%
1753579500,-0.000654574,0.003278428,0.4892%
1753579800,0.000128577,0.002955252,0.5020%
1753580100,-0.000196262,0.002524536,0.4824%
1753580400,-0.000170339,0.004224004,0.4654%
1753580700,-0.000247091,0.001412475,0.4407%
1753581000,-0.000321052,0.003000856,0.4085%
1753581300,-0.000144572,0.001436812,0.3941%
1753581600,0.000298804,0.002567413,0.4240%
1753581900,0.000313306,0.001932869,0.4553%
1753582200,0.000588759,0.001575556,0.5142%
1753582500,0.000124561,0.001623247,0.5266%
1753582800,-0.000354479,0.001348198,0.4912%
1753583100,0.00023346,0.001175873,0.5145%
1753583400,0.000241781,0.003258181,0.5387%
1753583700,4.90E-05,0.00266927,0.5436%
1753584000,-0.000250186,0.001086984,0.5186%
1753584300,-0.000193515,0.002050328,0.4992%
1753584600,0.000692287,0.001982783,0.5685%
1753584900,-0.000335143,0.003076449,0.5349%
1753585200,-0.000467517,0.003501679,0.4882%
1753585500,0.000731197,0.001531718,0.5613%
1753585800,5.23E-05,0.002123213,0.5665%
1753586100,0.000307737,0.001927672,0.5973%
1753586400,-0.000234246,0.001215268,0.5739%
1753586700,-0.000480788,0.001163721,0.5258%
1753587000,-0.000259179,0.002452052,0.4999%
1753587300,-0.00021432,0.000965007,0.4785%
1753587600,-0.000110661,0.004400365,0.4674%
1753587900,0.000184063,0.001786064,0.4858%
1753588200,-0.000897611,0.001476958,0.3960%
1753588500,0.000156186,0.000862217,0.4117%
1753588800,-4.93E-05,0.001437661,0.4067%
1753589100,0.000553225,0.001074254,0.4621%
1753589400,-0.000200776,0.002298633,0.4420%
1753589700,0.000306564,0.000879703,0.4726%
1753590000,9.63E-05,0.001722041,0.4823%
1753590300,1.49E-05,0.002593138,0.4838%
1753590600,0.000199412,0.002311275,0.5037%
1753590900,6.49E-05,0.000906654,0.5102%
1753591200,0.000134727,0.003229816,0.5237%
1753591500,0.000222453,0.003706125,0.5459%
1753591800,-1.59E-05,0.001061397,0.5443%
1753592100,-6.52E-05,0.001309014,0.5378%
1753592400,-0.000347468,0.000945119,0.5031%
1753592700,0.000105178,0.002226522,0.5136%
1753593000,-0.000164705,0.004064328,0.4971%
1753593300,0.000585942,0.001612575,0.5557%
1753593600,0.000385449,0.001344751,0.5942%
1753593900,-0.000887846,0.002102573,0.5055%
1753594200,-0.000388921,0.003536525,0.4666%
1753594500,-2.27E-05,0.0028853,0.4643%
1753594800,-0.000310266,0.00323475,0.4333%
1753595100,0.000285923,0.001491921,0.4619%
1753595400,0.000310648,0.00158441,0.4929%
1753595700,-5.03E-05,0.0023933,0.4879%
1753596000,-0.000447037,0.00128002,0.4432%
1753596300,-0.000113665,0.002874966,0.4318%
1753596600,0.000106265,0.003529489,0.4425%
1753596900,-1.21E-06,0.003167067,0.4423%
1753597200,-0.000104557,0.001421414,0.4319%
1753597500,0.000242838,0.001726094,0.4562%
1753597800,-4.20E-05,0.002259763,0.4520%
1753598100,-0.000434443,0.000834297,0.4085%
1753598400,0.000144329,0.002190329,0.4229%
1753598700,0.000347275,0.001945575,0.4577%
1753599000,-0.000239396,0.002087142,0.4337%
1753599300,0.000181416,0.002466788,0.4519%
1753599600,4.60E-05,0.001023078,0.4565%
1753599900,-0.000802743,0.000733046,0.3762%
1753600200,0.000377398,0.001680904,0.4139%
1753600500,-0.000343898,0.001717818,0.3796%
1753600800,-5.53E-05,0.001776895,0.3740%
1753601100,-0.000498725,0.001094674,0.3241%
1753601400,-0.000188464,0.002642914,0.3053%
1753601700,-0.000284379,0.002398796,0.2769%
1753602000,0.000186328,0.000911995,0.2955%
1753602300,-0.000200705,0.003389936,0.2754%
1753602600,-1.10E-05,0.001422248,0.2743%
1753602900,0.000632717,0.00126025,0.3376%
1753603200,-0.000277261,0.001034724,0.3099%
1753603500,0.000360712,0.000787866,0.3459%
1753603800,0.000320464,0.001643146,0.3780%
1753604100,7.83E-05,0.003959697,0.3858%
1753604400,0.00030917,0.000996678,0.4167%
1753604700,8.89E-05,0.002292889,0.4256%
1753605000,0.000155674,0.001730046,0.4412%
1753605300,-0.000268627,0.001518635,0.4143%
1753605600,0.000399093,0.003537417,0.4542%
1753605900,-0.000341309,0.002090039,0.4201%
1753606200,8.92E-05,0.001021757,0.4290%
1753606500,-0.000291374,0.00358576,0.3999%
1753606800,-0.000600318,0.001693122,0.3399%
1753607100,-0.000387838,0.001292134,0.3011%
1753607400,-1.85E-05,0.000984402,0.2992%
1753607700,0.000215881,0.003092743,0.3208%
1753608000,-0.000580531,0.002226573,0.2628%
1753608300,3.75E-05,0.002389035,0.2665%
1753608600,-0.000323423,0.000970069,0.2342%
1753608900,0.000951079,0.001557838,0.3293%
1753609200,-0.000158365,0.002610199,0.3134%
1753609500,0.000208048,0.001358778,0.3342%
1753609800,-0.000295541,0.00130704,0.3047%
1753610100,0.001092248,0.000947303,0.4139%
1753610400,0.00065792,0.001606622,0.4797%
1753610700,-5.39E-05,0.003287785,0.4743%
1753611000,0.000642895,0.003515203,0.5386%
1753611300,0.000667031,0.001889863,0.6053%
1753611600,2.00E-06,0.00214488,0.6055%
1753611900,0.000135586,0.002077406,0.6191%
1753612200,-3.59E-05,0.002436125,0.6155%
1753612500,0.000919473,0.003248647,0.7074%
1753612800,0.000651612,0.00375022,0.7726%
1753613100,0.000996063,0.000895144,0.8722%
1753613400,-0.000443237,0.002446245,0.8279%
1753613700,-0.000382991,0.002037527,0.7896%
1753614000,-0.000637304,0.001205096,0.7258%
1753614300,4.03E-05,0.002531415,0.7299%
1753614600,0.000920263,0.004466981,0.8219%
1753614900,-7.42E-05,0.004368752,0.8145%
1753615200,-0.000250113,0.001025094,0.7895%
1753615500,-0.000660965,0.002750058,0.7234%
1753615800,6.69E-05,0.001668597,0.7301%
1753616100,-0.000355255,0.002641843,0.6945%
1753616400,0.000682893,0.002138439,0.7628%
1753616700,0.000376167,0.001519219,0.8004%
1753617000,0.000282114,0.002216352,0.8286%
1753617300,0.000498181,0.001658641,0.8785%
1753617600,0.00109088,0.001307184,0.9876%
1753617900,0.000299664,0.001963451,1.0175%
1753618200,0.000277612,0.002420746,1.0453%
1753618500,-0.000586995,0.002863511,0.9866%
1753618800,0.000523239,0.001257105,1.0389%
1753619100,-0.000417044,0.001526715,0.9972%
1753619400,0.000289756,0.001995493,1.0262%
1753619700,-4.16E-05,0.001134108,1.0220%
1753620000,0.00056524,0.002208087,1.0785%
1753620300,0.000301429,0.001686759,1.1087%
1753620600,0.000708974,0.001587347,1.1796%
1753620900,-0.00030821,0.002040176,1.1488%
1753621200,-0.000185143,0.00117799,1.1303%
1753621500,-0.000522715,0.002309963,1.0780%
1753621800,-0.000202742,0.001280574,1.0577%
1753622100,0.000314357,0.002096982,1.0891%
1753622400,-0.000457356,0.000964615,1.0434%
1753622700,-2.66E-05,0.001633716,1.0407%
1753623000,0.00012753,0.001715117,1.0535%
1753623300,0.000702418,0.000929931,1.1237%
1753623600,-0.000280068,0.001760972,1.0957%
1753623900,0.000382814,0.00292631,1.1340%
1753624200,-0.000216947,0.000872502,1.1123%
1753624500,0.000486208,0.001088782,1.1609%
1753624800,-0.000515413,0.002397988,1.1094%
1753625100,0.000162713,0.001851795,1.1257%
1753625400,0.000424558,0.003017877,1.1681%
1753625700,-6.70E-05,0.001595337,1.1614%
1753626000,0.00046999,0.001220997,1.2084%
1753626300,-0.000140753,0.001441837,1.1944%
1753626600,-8.94E-05,0.001799958,1.1854%
1753626900,-0.000154383,0.001966321,1.1700%
1753627200,-0.000996752,0.003658004,1.0703%
1753627500,0.000760485,0.001952392,1.1463%
1753627800,0.000867876,0.003066551,1.2331%
1753628100,-4.89E-05,0.000847346,1.2282%
1753628400,0.000240037,0.004698346,1.2522%
1753628700,-0.000499672,0.001640639,1.2023%
1753629000,-0.00030966,0.001184804,1.1713%
1753629300,0.000213296,0.001615781,1.1926%
1753629600,0.000616243,0.002245985,1.2543%
1753629900,-0.000303538,0.005048746,1.2239%
1753630200,-0.000207587,0.002742398,1.2032%
1753630500,0.000447488,0.001573852,1.2479%
1753630800,-0.0001092,0.000922737,1.2370%
1753631100,-0.000111716,0.000927663,1.2258%
1753631400,0.000210807,0.001243797,1.2469%
1753631700,6.35E-05,0.000953199,1.2532%
1753632000,0.000216772,0.00232006,1.2749%
1753632300,-0.001301916,0.001773226,1.1447%
1753632600,0.000614393,0.001918743,1.2062%
1753632900,0.000450282,0.003087599,1.2512%
1753633200,-0.000157588,0.002315304,1.2354%
1753633500,5.61E-05,0.001851481,1.2410%
1753633800,-0.000232156,0.002730457,1.2178%
1753634100,-0.000674528,0.00318414,1.1504%
1753634400,-0.000242366,0.001122059,1.1261%
1753634700,-0.000353752,0.003151954,1.0908%
1753635000,-0.000330664,0.00126588,1.0577%
1753635300,4.25E-06,0.002450718,1.0581%
1753635600,0.001169184,0.002739712,1.1750%
1753635900,0.000330373,0.002128829,1.2081%
1753636200,0.0009551,0.001287541,1.3036%
1753636500,-0.000159003,0.001927778,1.2877%
1753636800,0.00046984,0.002764028,1.3347%
1753637100,0.000268409,0.002608894,1.3615%
1753637400,-0.000551722,0.001180759,1.3063%
1753637700,-0.000635415,0.001939952,1.2428%
1753638000,0.001065657,0.001194011,1.3494%
1753638300,0.000284056,0.002088531,1.3778%
1753638600,-0.00090396,0.001273264,1.2874%
1753638900,0.000556428,0.003063313,1.3430%
1753639200,4.06E-05,0.001391447,1.3471%
1753639500,-0.00046205,0.003059514,1.3009%
1753639800,-3.44E-05,0.002298738,1.2974%
1753640100,0.000830242,0.003815111,1.3805%
1753640400,0.001481113,0.002310696,1.5286%
1753640700,-0.000356975,0.002042823,1.4929%
1753641000,8.52E-05,0.001689328,1.5014%
1753641300,-0.000621669,0.001836844,1.4392%
1753641600,-0.000106021,0.001144655,1.4286%
1753641900,0.000152601,0.002694833,1.4439%
1753642200,-0.001741996,0.001863353,1.2697%
1753642500,-0.000144586,0.001356706,1.2552%
1753642800,-0.000637266,0.001568881,1.1915%
1753643100,0.001168812,0.00103783,1.3084%
1753643400,0.000211006,0.001590242,1.3295%
1753643700,-5.48E-05,0.001633802,1.3240%
1753644000,0.00012814,0.002917683,1.3368%
1753644300,-0.00019909,0.001116486,1.3169%
1753644600,0.000398581,0.004196786,1.3568%
1753644900,-0.000112622,0.001804756,1.3455%
1753645200,0.000101301,0.002575791,1.3556%
1753645500,-0.000292743,0.001647536,1.3264%
1753645800,-0.000142011,0.001412869,1.3122%
1753646100,8.76E-05,0.002125307,1.3209%
1753646400,0.00043366,0.001982209,1.3643%
1753646700,-0.000268728,0.001111957,1.3374%
1753647000,-0.000670259,0.002085779,1.2704%
1753647300,-0.000701574,0.002263244,1.2002%
1753647600,0.000120998,0.002156581,1.2123%
1753647900,-0.000119135,0.000904013,1.2004%
1753648200,-0.000173305,0.001649438,1.1831%
1753648500,0.000137214,0.00183274,1.1968%
1753648800,0.000372915,0.001004472,1.2341%
1753649100,-4.99E-05,0.001097509,1.2291%
1753649400,-0.000142555,0.002836033,1.2148%
1753649700,-0.000356054,0.001643737,1.1792%
1753650000,0.00016692,0.002423571,1.1959%
1753650300,0.000888756,0.001434185,1.2848%
1753650600,-0.000123638,0.001286754,1.2724%
1753650900,0.000324535,0.001750807,1.3049%
1753651200,-0.000131648,0.002111759,1.2917%
1753651500,0.000429843,0.001291635,1.3347%
1753651800,-8.45E-05,0.003601521,1.3263%
1753652100,0.000109825,0.001605262,1.3372%
1753652400,0.000388064,0.001846415,1.3761%
1753652700,-7.98E-05,0.001011055,1.3681%
1753653000,-0.000261333,0.001952378,1.3419%
1753653300,9.97E-05,0.001753571,1.3519%
1753653600,-0.000982029,0.001785898,1.2537%
1753653900,0.000255885,0.003628695,1.2793%
1753654200,-0.001449397,0.002879461,1.1344%
1753654500,-0.000887242,0.003670773,1.0456%
1753654800,0.000780586,0.004575888,1.1237%
1753655100,1.20E-05,0.00454185,1.1249%
1753655400,0.001490089,0.004209951,1.2739%
1753655700,0.00131869,0.001630276,1.4058%
1753656000,0.000105157,0.002619115,1.4163%
1753656300,0.000298352,0.000950641,1.4461%
1753656600,0.000720428,0.003039486,1.5182%
1753656900,-0.000323343,0.001533304,1.4858%
1753657200,0.000454546,0.003464586,1.5313%
1753657500,-0.000262041,0.002571307,1.5051%
1753657800,-0.00047263,0.00259365,1.4578%
1753658100,0.000562532,0.001096179,1.5141%
1753658400,0.001613947,0.002074907,1.6755%
1753658700,-0.000570116,0.002109614,1.6185%
1753659000,-0.000188112,0.001584978,1.5996%
1753659300,-0.00022869,0.00121354,1.5768%
1753659600,-0.000169306,0.001370325,1.5598%
1753659900,0.00030716,0.001295954,1.5906%
1753660200,0.00042247,0.001830885,1.6328%
1753660500,0.000176496,0.001571197,1.6505%
1753660800,-0.000389919,0.001699202,1.6115%
1753661100,-0.000480826,0.002459731,1.5634%
1753661400,0.000682167,0.001022939,1.6316%
1753661700,-0.001433203,0.003490493,1.4883%
1753662000,6.09E-05,0.00194776,1.4944%
1753662300,-0.001622384,0.001270967,1.3321%
1753662600,0.000279326,0.003159613,1.3601%
1753662900,-0.000947443,0.001255104,1.2653%
1753663200,-0.000505617,0.003042802,1.2148%
1753663500,1.76E-05,0.001921953,1.2165%
1753663800,0.000491803,0.000882854,1.2657%
1753664100,-0.000943475,0.002117547,1.1713%
1753664400,-8.74E-05,0.003242278,1.1626%
1753664700,3.46E-05,0.002978163,1.1661%
1753665000,-0.000551887,0.001733968,1.1109%
1753665300,0.000588029,0.000754173,1.1697%
1753665600,0.000867573,0.000932425,1.2564%
1753665900,0.000422765,0.000973523,1.2987%
1753666200,0.000298466,0.003014833,1.3286%
1753666500,8.56E-05,0.001792059,1.3371%
1753666800,0.00041236,0.001479885,1.3784%
1753667100,-0.000369713,0.00198827,1.3414%
1753667400,-0.000168529,0.003169372,1.3245%
1753667700,-0.000397181,0.001730136,1.2848%
1753668000,-0.000312305,0.004243028,1.2536%
1753668300,0.000330933,0.00273292,1.2867%
1753668600,0.000562833,0.001700417,1.3430%
1753668900,-0.001190009,0.00215452,1.2240%
1753669200,-0.000537553,0.003808863,1.1702%
1753669500,0.000138614,0.001186974,1.1841%
1753669800,0.003036922,0.002643812,1.4878%
1753670100,-0.002325904,0.002095761,1.2552%
1753670400,-0.001283427,0.001503876,1.1268%
1753670700,4.72E-05,0.001853765,1.1316%
1753671000,-0.001100779,0.001790621,1.0215%
1753671300,-0.000674988,0.001671089,0.9540%
1753671600,0.000179393,0.002822936,0.9719%
1753671900,-0.000296402,0.002535416,0.9423%
1753672200,-7.14E-05,0.002939409,0.9351%
1753672500,-0.001065841,0.00277881,0.8286%
1753672800,0.000391163,0.003371508,0.8677%
1753673100,-0.001244605,0.001790744,0.7432%
1753673400,-0.001613517,0.001626683,0.5819%
1753673700,-0.001567517,0.002055528,0.4251%
1753674000,-0.000790343,0.002861326,0.3461%
1753674300,0.000346045,0.001910229,0.3807%
1753674600,-0.000571752,0.002546569,0.3235%
1753674900,0.000877588,0.002788186,0.4113%
1753675200,7.96E-06,0.002062493,0.4121%
1753675500,-0.000239445,0.003227398,0.3881%
1753675800,0.000332816,0.001514599,0.4214%
1753676100,0.00045241,0.001312043,0.4666%
1753676400,-0.000636714,0.001328577,0.4030%
1753676700,0.001040527,0.000963451,0.5070%
1753677000,5.91E-06,0.003196944,0.5076%
1753677300,0.000780211,0.001573157,0.5856%
1753677600,0.001715771,0.001478358,0.7572%
1753677900,0.001075975,0.001471129,0.8648%
1753678200,-0.000678362,0.001716263,0.7970%
1753678500,-0.00057055,0.001472357,0.7399%
1753678800,0.000502722,0.001236636,0.7902%
1753679100,0.0019363,0.003597721,0.9838%
1753679400,0.001534036,0.001052017,1.1372%
1753679700,0.000438541,0.004398943,1.1811%
1753680000,0.000232439,0.001491977,1.2043%
1753680300,0.000906853,0.001333452,1.2950%
1753680600,-0.000952315,0.002385739,1.1998%
1753680900,-0.001097985,0.00136952,1.0900%
1753681200,0.000766089,0.002859705,1.1666%
1753681500,6.15E-05,0.002807165,1.1727%
1753681800,-0.001896967,0.00235325,0.9830%
1753682100,-0.000405531,0.001989295,0.9425%
1753682400,0.000456005,0.001656515,0.9881%
1753682700,0.000186523,0.002818038,1.0067%
1753683000,0.000235173,0.004059184,1.0302%
1753683300,-0.000504515,0.001702774,0.9798%
1753683600,-4.78E-05,0.002509596,0.9750%
1753683900,9.24E-05,0.002844719,0.9843%
1753684200,-0.000557268,0.001651497,0.9285%
1753684500,0.000282369,0.002974019,0.9568%
1753684800,-0.001237748,0.002385566,0.8330%
1753685100,-0.000754263,0.001812582,0.7576%
1753685400,0.000635634,0.001814005,0.8211%
1753685700,-0.000604396,0.001260517,0.7607%
1753686000,0.000483516,0.00198061,0.8090%
1753686300,-0.00143024,0.004117768,0.6660%
1753686600,-0.000316763,0.001997328,0.6343%
1753686900,-0.000218934,0.003430761,0.6124%
1753687200,0.000390044,0.001428834,0.6514%
1753687500,0.000566281,0.002306155,0.7081%
1753687800,-0.000316428,0.001767762,0.6764%
1753688100,0.000955878,0.001171293,0.7720%
1753688400,-0.000175493,0.002015432,0.7545%
1753688700,-0.00023882,0.000887596,0.7306%
1753689000,-0.000313609,0.001680677,0.6992%
1753689300,1.22E-05,0.001903942,0.7004%
1753689600,0.000724743,0.001721226,0.7729%
1753689900,-0.000635783,0.003412047,0.7093%
1753690200,3.35E-05,0.001871662,0.7127%
1753690500,0.001123602,0.001173382,0.8251%
1753690800,-2.50E-05,0.003408881,0.8226%
1753691100,0.00049211,0.001353249,0.8718%
1753691400,-0.000756327,0.0010706,0.7961%
1753691700,0.00012701,0.001191637,0.8088%
1753692000,-0.000368699,0.002814414,0.7720%
1753692300,0.000192528,0.003405344,0.7912%
1753692600,-0.000445421,0.001496587,0.7467%
1753692900,-0.000828479,0.001750967,0.6638%
1753693200,-0.001100931,0.000857216,0.5537%
1753693500,0.000683324,0.001783639,0.6221%
1753693800,-1.10E-05,0.002431737,0.6210%
1753694100,-0.000207597,0.002438389,0.6002%
1753694400,-0.000448402,0.001073051,0.5554%
1753694700,-0.000595646,0.001499802,0.4958%
1753695000,0.000233175,0.002532673,0.5191%
1753695300,-8.28E-05,0.000890903,0.5108%
1753695600,-0.00024737,0.001872723,0.4861%
1753695900,-4.69E-05,0.002087926,0.4814%
1753696200,-3.49E-05,0.001608522,0.4779%
1753696500,0.000278359,0.002083724,0.5058%
1753696800,0.000271745,0.003960173,0.5329%
1753697100,-0.000534585,0.002413361,0.4795%
1753697400,0.000418088,0.002754825,0.5213%
1753697700,-0.000271442,0.001659084,0.4941%
1753698000,0.000178681,0.001674785,0.5120%
1753698300,-4.86E-05,0.001327243,0.5072%
1753698600,-1.58E-05,0.003194213,0.5056%
1753698900,0.000666842,0.001469144,0.5723%
1753699200,0.000585859,0.00209355,0.6308%
1753699500,-0.000563451,0.003622802,0.5745%
1753699800,0.000305891,0.001394242,0.6051%
1753700100,0.000251559,0.001791712,0.6302%
1753700400,0.000466665,0.00253853,0.6769%
1753700700,-0.00078916,0.000966161,0.5980%
1753701000,0.00028825,0.002868731,0.6268%
1753701300,-0.000104598,0.002161705,0.6164%
1753701600,-3.27E-05,0.001008824,0.6131%
1753701900,0.000188356,0.001738945,0.6319%
1753702200,-0.000634331,0.003768378,0.5685%
1753702500,0.000188651,0.00215226,0.5874%
1753702800,-0.000149126,0.001530313,0.5724%
1753703100,4.87E-05,0.002604207,0.5773%
1753703400,9.88E-05,0.00292616,0.5872%
1753703700,0.000112433,0.001081927,0.5984%
1753704000,0.000520695,0.001672101,0.6505%
1753704300,0.000394251,0.002034192,0.6899%
1753704600,-0.000701918,0.004416285,0.6197%
1753704900,-0.000189258,0.00191079,0.6008%
1753705200,0.000202254,0.003607898,0.6210%
1753705500,-0.000521412,0.001210215,0.5689%
1753705800,-0.000781008,0.001172167,0.4908%
1753706100,-0.000159546,0.001055538,0.4748%
1753706400,-0.001492853,0.003612711,0.3256%
1753706700,0.000667184,0.003194949,0.3923%
1753707000,-0.001049695,0.00203531,0.2873%
1753707300,-0.000761745,0.002805294,0.2111%
1753707600,0.000979023,0.001475638,0.3090%
1753707900,0.000262656,0.001285189,0.3353%
1753708200,0.000761417,0.002102939,0.4114%
1753708500,-0.000275275,0.001671284,0.3839%
1753708800,-0.000501605,0.001920636,0.3338%
1753709100,0.000951897,0.001519619,0.4289%
1753709400,-0.000789809,0.001884332,0.3500%
1753709700,0.001046733,0.002168094,0.4546%
1753710000,-0.001130666,0.001553503,0.3416%
1753710300,0.000155519,0.000867423,0.3571%
1753710600,-0.000439632,0.002568066,0.3132%
1753710900,0.00089445,0.00291089,0.4026%
1753711200,0.000375553,0.0028565,0.4402%
1753711500,0.000720938,0.001466501,0.5122%
1753711800,-0.000493071,0.003284303,0.4629%
1753712100,-0.000962488,0.001626889,0.3667%
1753712400,-0.002168763,0.00458541,0.1498%
1753712700,0.000258053,0.001274248,0.1756%
1753713000,0.000650908,0.001862396,0.2407%
1753713300,-0.000520619,0.002684015,0.1887%
1753713600,0.000957377,0.001727803,0.2844%
1753713900,-0.000703355,0.001850628,0.2141%
1753714200,1.32E-06,0.001673816,0.2142%
1753714500,-0.00023179,0.001512042,0.1910%
1753714800,-0.000468635,0.001253544,0.1441%
1753715100,0.000341184,0.001843402,0.1783%
1753715400,0.001504614,0.00126236,0.3287%
1753715700,0.001652797,0.003258071,0.4940%
1753716000,-0.001067329,0.003767036,0.3873%
1753716300,0.000416607,0.001006261,0.4289%
1753716600,0.000159625,0.001920811,0.4449%
1753716900,0.000303912,0.002604938,0.4753%
1753717200,0.00059298,0.001337754,0.5346%
1753717500,9.60E-05,0.002168543,0.5442%
1753717800,0.000518531,0.001755584,0.5960%
1753718100,0.001285149,0.002050016,0.7246%
1753718400,0.000351238,0.001960798,0.7597%
1753718700,-0.001415029,0.001718836,0.6182%
1753719000,0.000220827,0.001972885,0.6403%
1753719300,-0.00042046,0.002002741,0.5982%
1753719600,0.001101779,0.003902424,0.7084%
1753719900,0.000676042,0.002370587,0.7760%
1753720200,0.000399926,0.003195265,0.8160%
1753720500,-0.000448605,0.004208748,0.7711%
1753720800,-0.000531282,0.003257307,0.7180%
1753721100,-4.26E-05,0.001178792,0.7137%
1753721400,0.000578229,0.001785246,0.7716%
1753721700,-0.000934889,0.002001382,0.6781%
1753722000,-0.000227591,0.002237264,0.6553%
1753722300,-0.00147984,0.001669831,0.5073%
1753722600,-0.000784614,0.00259246,0.4289%
1753722900,-2.65E-05,0.001251193,0.4262%
1753723200,0.001304059,0.002960784,0.5566%
1753723500,0.000857443,0.003009424,0.6424%
1753723800,0.000825079,0.001827765,0.7249%
1753724100,-0.000234169,0.002651735,0.7015%
1753724400,-0.00010035,0.001803605,0.6914%
1753724700,-0.001183919,0.002258972,0.5730%
1753725000,-0.000506927,0.002002851,0.5223%
1753725300,-0.000296747,0.002659626,0.4927%
1753725600,-0.001449517,0.002341418,0.3477%
1753725900,0.000644642,0.001366929,0.4122%
1753726200,0.000683866,0.001447144,0.4806%
1753726500,-0.000688006,0.002504454,0.4118%
1753726800,0.000885894,0.001714881,0.5003%
1753727100,0.001262249,0.000979236,0.6266%
1753727400,0.000484799,0.001710523,0.6751%
1753727700,-0.000115635,0.001206511,0.6635%
1753728000,-0.000796407,0.002094294,0.5839%
1753728300,0.000124888,0.001808072,0.5963%
1753728600,0.001349231,0.002440578,0.7313%
1753728900,0.00025222,0.004305222,0.7565%
1753729200,0.000416186,0.002412344,0.7981%
1753729500,0.000182204,0.000828661,0.8163%
1753729800,0.002060934,0.001890834,1.0224%
1753730100,-0.000203537,0.004940503,1.0021%
1753730400,0.000197854,0.001562263,1.0218%
1753730700,-0.001214195,0.001056358,0.9004%
1753731000,-0.000672125,0.003091647,0.8332%
1753731300,-0.00063251,0.001441063,0.7700%
1753731600,-0.000578564,0.003286794,0.7121%
1753731900,0.002213222,0.001296012,0.9334%
1753732200,-0.000207381,0.001299234,0.9127%
1753732500,0.001765017,0.001441712,1.0892%
1753732800,-0.0012529,0.002876347,0.9639%
1753733100,-0.000452273,0.002757081,0.9187%
1753733400,0.001118153,0.002809724,1.0305%
1753733700,-0.000573663,0.001827159,0.9731%
1753734000,-0.001281154,0.001150294,0.8450%
1753734300,0.00255871,0.002526212,1.1009%
1753734600,0.000332118,0.002711599,1.1341%
1753734900,-0.000518091,0.001823607,1.0823%
1753735200,0.000210796,0.001117588,1.1034%
1753735500,-0.000248142,0.001228793,1.0786%
1753735800,0.000655314,0.002007466,1.1441%
1753736100,0.001098807,0.001017744,1.2540%
1753736400,-0.001052386,0.002191825,1.1487%
1753736700,-0.000781139,0.001435647,1.0706%
1753737000,-0.000109663,0.00233637,1.0596%
1753737300,0.001925811,0.001315111,1.2522%
1753737600,0.000115392,0.002928494,1.2638%
1753737900,-0.000399029,0.001961631,1.2239%
1753738200,0.000677174,0.001196814,1.2916%
1753738500,-0.000336155,0.002282934,1.2580%
1753738800,0.000658054,0.001604193,1.3238%
1753739100,-0.000823287,0.004754514,1.2414%
1753739400,-0.000387384,0.004407131,1.2027%
1753739700,0.001261585,0.002886893,1.3289%
1753740000,0.000842619,0.0009323,1.4131%
1753740300,5.07E-05,0.002392261,1.4182%
1753740600,0.001135428,0.001567816,1.5317%
1753740900,-0.000278827,0.001283659,1.5039%
1753741200,3.49E-05,0.003188305,1.5073%
1753741500,0.000944489,0.001753551,1.6018%
1753741800,-0.000543891,0.003105935,1.5474%
1753742100,-0.001480639,0.002307635,1.3993%
1753742400,-2.18E-05,0.00087884,1.3972%
1753742700,0.000133034,0.001029207,1.4105%
1753743000,2.15E-05,0.003218336,1.4126%
1753743300,-0.000704423,0.001706201,1.3422%
1753743600,-0.001185347,0.001305583,1.2236%
1753743900,0.001200502,0.002465297,1.3437%
1753744200,0.000590288,0.001880673,1.4027%
1753744500,0.000514503,0.000994049,1.4542%
1753744800,0.000935593,0.001055165,1.5477%
1753745100,-0.000310622,0.002335759,1.5167%
1753745400,0.00019901,0.003989418,1.5366%
1753745700,0.000578412,0.004104142,1.5944%
1753746000,4.93E-05,0.001570637,1.5993%
1753746300,0.001216996,0.001213752,1.7210%
1753746600,-0.001625908,0.002485474,1.5584%
1753746900,0.00188907,0.001262957,1.7473%
1753747200,-0.001087359,0.00373887,1.6386%
1753747500,-7.63E-05,0.002555682,1.6310%
1753747800,0.000983182,0.002596764,1.7293%
1753748100,-0.00039843,0.003197039,1.6895%
1753748400,0.000592022,0.003122383,1.7487%
1753748700,-9.98E-05,0.001328414,1.7387%
1753749000,-0.000696029,0.003105142,1.6691%
1753749300,-0.000122023,0.002062309,1.6569%
1753749600,-0.004151898,0.002569058,1.2417%
1753749900,0.002595793,0.001366996,1.5013%
1753750200,-0.000162963,0.004704637,1.4850%
1753750500,0.000201514,0.003772386,1.5051%
1753750800,9.33E-05,0.002621902,1.5144%
1753751100,-0.00058206,0.001487158,1.4562%
1753751400,-0.000349647,0.001896026,1.4213%
1753751700,0.000549509,0.003332436,1.4762%
1753752000,-0.00030584,0.001255107,1.4456%
1753752300,0.000896934,0.001994057,1.5353%
1753752600,-0.000226027,0.001014609,1.5127%
1753752900,-0.000344794,0.002269172,1.4783%
1753753200,0.00041415,0.001107164,1.5197%
1753753500,0.000411161,0.001236371,1.5608%
1753753800,0.00012292,0.002126071,1.5731%
1753754100,-0.001298686,0.002170199,1.4432%
1753754400,0.001146937,0.001256394,1.5579%
1753754700,-0.000506625,0.001752312,1.5072%
1753755000,0.000432081,0.001390482,1.5504%
1753755300,-0.003026768,0.001449666,1.2478%
1753755600,0.000644386,0.002135612,1.3122%
1753755900,0.001085699,0.002135294,1.4208%
1753756200,-0.000147024,0.001588893,1.4061%
1753756500,-0.000877345,0.00118576,1.3183%
1753756800,0.000625013,0.003395012,1.3808%
1753757100,-0.000391082,0.001105252,1.3417%
1753757400,-0.00076741,0.000830032,1.2650%
1753757700,0.001747727,0.001226266,1.4398%
1753758000,0.000887537,0.001591539,1.5285%
1753758300,-1.03E-05,0.002307354,1.5275%
1753758600,-0.000185307,0.00160294,1.5090%
1753758900,9.61E-05,0.005144892,1.5186%
1753759200,0.000380989,0.00184172,1.5567%
1753759500,-8.55E-05,0.002743761,1.5481%
1753759800,-0.000492015,0.001345359,1.4989%
1753760100,-0.000524078,0.001114837,1.4465%
1753760400,0.000175143,0.00200579,1.4640%
1753760700,0.000864648,0.001887289,1.5505%
1753761000,-0.000475227,0.001825799,1.5030%
1753761300,0.000919339,0.00191616,1.5949%
1753761600,-0.000326817,0.002754768,1.5622%
1753761900,4.86E-06,0.002686852,1.5627%
1753762200,-8.86E-05,0.00130881,1.5538%
1753762500,-8.11E-06,0.001320194,1.5530%
1753762800,-0.000118019,0.001859563,1.5412%
1753763100,0.000697941,0.001995586,1.6110%
1753763400,-0.000631142,0.00103099,1.5479%
1753763700,0.000761284,0.001547764,1.6240%
1753764000,-0.000385204,0.001650263,1.5855%
1753764300,-0.000839108,0.001416291,1.5016%
1753764600,0.000329686,0.001774152,1.5346%
1753764900,0.00028034,0.002078664,1.5626%
1753765200,-0.000181568,0.000916114,1.5444%
1753765500,0.001223771,0.002242585,1.6668%
1753765800,-0.000169311,0.00195438,1.6499%
1753766100,0.000415259,0.003094099,1.6914%
1753766400,-0.00037334,0.000847351,1.6541%
1753766700,-0.000268056,0.002172186,1.6273%
1753767000,-0.000244051,0.003112845,1.6029%
1753767300,0.000976264,0.001441319,1.7005%
1753767600,-0.000774126,0.001713154,1.6231%
1753767900,0.000223892,0.001681077,1.6455%
1753768200,0.000600173,0.003437995,1.7055%
1753768500,-0.000170449,0.001677211,1.6885%
1753768800,-0.000215165,0.001758363,1.6669%
1753769100,0.000170783,0.001545339,1.6840%
1753769400,0.000566347,0.001993137,1.7406%
1753769700,0.001027602,0.001871858,1.8434%
1753770000,-0.000412461,0.001028277,1.8022%
1753770300,-7.58E-05,0.001908164,1.7946%
1753770600,0.001076992,0.001880387,1.9023%
1753770900,-0.001235376,0.001379153,1.7787%
1753771200,0.000458268,0.002299932,1.8246%
1753771500,0.000931509,0.002177425,1.9177%
1753771800,0.001187719,0.001834171,2.0365%
1753772100,-3.02E-05,0.001501079,2.0335%
1753772400,0.000230945,0.001695991,2.0566%
1753772700,0.000211915,0.002478279,2.0778%
1753773000,0.000338546,0.002766874,2.1116%
1753773300,-0.000134318,0.002885799,2.0982%
1753773600,-0.000206299,0.001623504,2.0775%
1753773900,-0.000295186,0.00136506,2.0480%
1753774200,0.002147805,0.005332951,2.2628%
1753774500,0.001729262,0.001445754,2.4357%
1753774800,0.00061747,0.002199808,2.4975%
1753775100,-0.000888904,0.003021222,2.4086%
1753775400,0.000577147,0.002142675,2.4663%
1753775700,0.000510258,0.003608263,2.5173%
1753776000,-0.000482468,0.0026716,2.4691%
1753776300,0.000321825,0.002905873,2.5013%
1753776600,0.000203576,0.000962516,2.5216%
1753776900,-9.50E-05,0.001009553,2.5121%
1753777200,0.00041875,0.002548114,2.5540%
1753777500,-8.90E-06,0.000983674,2.5531%
1753777800,0.000492914,0.004067974,2.6024%
1753778100,0.001342661,0.002408743,2.7367%
1753778400,0.000293557,0.001377333,2.7660%
1753778700,-0.000133786,0.002188235,2.7526%
1753779000,-0.000313708,0.00200139,2.7213%
1753779300,0.002155221,0.003278688,2.9368%
1753779600,-0.00112213,0.002797269,2.8246%
1753779900,0.000345925,0.001157214,2.8592%
1753780200,-0.000241287,0.000986934,2.8351%
1753780500,-2.71E-05,0.002058041,2.8323%
1753780800,9.33E-05,0.001944981,2.8417%
1753781100,-0.000533555,0.001443913,2.7883%
1753781400,0.00047374,0.001787742,2.8357%
1753781700,0.000333065,0.001716441,2.8690%
1753782000,0.001202098,0.003112918,2.9892%
1753782300,-0.00076612,0.002785513,2.9126%
1753782600,0.000478018,0.002785672,2.9604%
1753782900,-0.001278446,0.001162864,2.8326%
1753783200,2.26E-06,0.001913822,2.8328%
1753783500,0.000229981,0.001362806,2.8558%
1753783800,9.56E-05,0.001977189,2.8653%
1753784100,-0.00066012,0.00250216,2.7993%
1753784400,-0.000309131,0.001824997,2.7684%
1753784700,5.98E-05,0.001382978,2.7744%
1753785000,0.000779181,0.002418581,2.8523%
1753785300,-0.000495346,0.001488668,2.8028%
1753785600,-0.000690108,0.001584274,2.7338%
1753785900,6.28E-05,0.001738489,2.7400%
1753786200,0.00034048,0.003051746,2.7741%
1753786500,-0.001909254,0.001838725,2.5832%
1753786800,-0.000852898,0.002053394,2.4979%
1753787100,-0.000423397,0.000940466,2.4555%
1753787400,0.000627586,0.00155294,2.5183%
1753787700,2.82E-06,0.001575325,2.5186%
1753788000,-0.001126232,0.001330652,2.4060%
1753788300,0.001399261,0.001863402,2.5459%
1753788600,-0.001465037,0.002947724,2.3994%
1753788900,-0.000148086,0.000980751,2.3846%
1753789200,-5.51E-05,0.002165053,2.3791%
1753789500,0.000377635,0.000925467,2.4168%
1753789800,0.000245084,0.0026553,2.4413%
1753790100,0.001323326,0.0012013,2.5737%
1753790400,0.001023064,0.001149421,2.6760%
1753790700,-0.001095218,0.002079983,2.5665%
1753791000,0.000181944,0.000942476,2.5846%
1753791300,0.000933569,0.003080656,2.6780%
1753791600,0.00091076,0.00178955,2.7691%
1753791900,0.000529028,0.00203232,2.8220%
1753792200,0.000669998,0.001062023,2.8890%
1753792500,-0.001059487,0.001940354,2.7830%
1753792800,-0.000594451,0.003244257,2.7236%
1753793100,0.000169901,0.001110265,2.7406%
1753793400,0.000113138,0.004025877,2.7519%
1753793700,0.001112788,0.001801978,2.8632%
1753794000,-0.000486347,0.001330322,2.8145%
1753794300,8.00E-05,0.001293861,2.8225%
1753794600,-0.000167418,0.001849526,2.8058%
1753794900,0.000442526,0.001412162,2.8500%
1753795200,0.000667754,0.001269468,2.9168%
1753795500,-0.000938801,0.002379094,2.8229%
1753795800,-0.001132232,0.001326426,2.7097%
1753796100,8.19E-05,0.003332863,2.7179%
1753796400,0.000888951,0.003177721,2.8068%
1753796700,-0.000676845,0.001270796,2.7391%
1753797000,0.000896451,0.001022904,2.8288%
1753797300,0.000326814,0.002715186,2.8615%
1753797600,-0.000724076,0.000931829,2.7890%
1753797900,-0.00111613,0.002138764,2.6774%
1753798200,0.000285571,0.00112604,2.7060%
1753798500,0.000141375,0.001075714,2.7201%
1753798800,0.000569104,0.001113927,2.7770%
1753799100,-0.001603305,0.001122721,2.6167%
1753799400,-0.001348016,0.001902853,2.4819%
1753799700,0.000917932,0.001418868,2.5737%
1753800000,0.000674986,0.000984039,2.6412%
1753800300,-0.001656923,0.002141113,2.4755%
1753800600,-0.001958084,0.001521821,2.2797%
1753800900,-9.37E-05,0.002451858,2.2703%
1753801200,-0.000352737,0.002416262,2.2351%
1753801500,-0.000848778,0.001746641,2.1502%
1753801800,-0.000773095,0.001829254,2.0729%
1753802100,-0.001032213,0.002026093,1.9696%
1753802400,-0.000959726,0.003789242,1.8737%
1753802700,-0.000668395,0.001693995,1.8068%
1753803000,0.000589259,0.001902082,1.8658%
1753803300,-0.001412684,0.003620126,1.7245%
1753803600,-0.001744695,0.004450218,1.5500%
1753803900,-0.000772404,0.00341942,1.4728%
1753804200,0.001117251,0.000977075,1.5845%
1753804500,-0.000715508,0.002510543,1.5130%
1753804800,0.002482478,0.002647867,1.7612%
1753805100,0.000297752,0.002841137,1.7910%
1753805400,0.000842235,0.0029227,1.8752%
1753805700,-0.000479025,0.003034582,1.8273%
1753806000,-0.001388143,0.001928594,1.6885%
1753806300,0.000973889,0.002408917,1.7859%
1753806600,-0.001325927,0.001061451,1.6533%
1753806900,-0.001272039,0.002481725,1.5261%
1753807200,0.001091953,0.002631809,1.6353%
1753807500,0.002489047,0.001245226,1.8842%
1753807800,-0.000402095,0.00105402,1.8440%
1753808100,-0.000702498,0.001971853,1.7737%
1753808400,0.000535185,0.001357802,1.8272%
1753808700,0.000640043,0.002338333,1.8912%
1753809000,-0.000698712,0.002577762,1.8214%
1753809300,-0.001158009,0.001672138,1.7056%
1753809600,0.001690055,0.002233228,1.8746%
1753809900,0.00180054,0.001501719,2.0546%
1753810200,-0.001050788,0.001407291,1.9495%
1753810500,-0.000899822,0.00151078,1.8596%
1753810800,-0.001171898,0.001156088,1.7424%
1753811100,-0.001266621,0.002133795,1.6157%
1753811400,-0.000393011,0.002255586,1.5764%
1753811700,0.000419422,0.001398973,1.6184%
1753812000,3.61E-05,0.001953601,1.6220%
1753812300,-0.00140871,0.001423383,1.4811%
1753812600,-0.000199995,0.003345735,1.4611%
1753812900,-0.00080161,0.002436958,1.3809%
1753813200,-0.001422158,0.00303202,1.2387%
1753813500,0.002097494,0.001755655,1.4485%
1753813800,0.000549544,0.00124895,1.5034%
1753814100,-0.000216455,0.000986482,1.4818%
1753814400,0.000472673,0.002244272,1.5290%
1753814700,0.000995981,0.001345993,1.6286%
1753815000,-0.000680712,0.001359111,1.5606%
1753815300,-0.000422017,0.001645418,1.5184%
1753815600,0.00264916,0.001648885,1.7833%
1753815900,-0.000552087,0.001078932,1.7281%
1753816200,0.000966226,0.001951265,1.8247%
1753816500,-0.000541812,0.00229327,1.7705%
1753816800,-0.001255139,0.001734842,1.6450%
1753817100,-0.000450856,0.002529507,1.5999%
1753817400,-0.00087857,0.001426215,1.5121%
1753817700,-0.000243606,0.001893812,1.4877%
1753818000,0.000573856,0.001431783,1.5451%
1753818300,-0.000407663,0.001765939,1.5043%
1753818600,-0.000729022,0.002078819,1.4314%
1753818900,0.0015318,0.00175433,1.5846%
1753819200,-0.002624416,0.00204894,1.3222%
1753819500,-0.000440754,0.002550965,1.2781%
1753819800,0.001505721,0.002734283,1.4286%
1753820100,0.002080453,0.001742255,1.6367%
1753820400,0.000230418,0.003351991,1.6597%
1753820700,-0.000639768,0.00096796,1.5958%
1753821000,-0.001449853,0.00106241,1.4508%
1753821300,-0.000180424,0.001725958,1.4327%
1753821600,0.000964448,0.001061725,1.5292%
1753821900,0.000460718,0.002771016,1.5752%
1753822200,0.002057602,0.001410462,1.7810%
1753822500,0.001717138,0.001071548,1.9527%
1753822800,-9.44E-05,0.001326107,1.9433%
1753823100,-2.50E-05,0.001940888,1.9408%
1753823400,0.000803485,0.002135556,2.0211%
1753823700,0.000160051,0.001320941,2.0371%
1753824000,-0.000387288,0.000818764,1.9984%
1753824300,-0.001799742,0.003919897,1.8184%
1753824600,3.91E-05,0.001174539,1.8223%
1753824900,3.38E-05,0.004673369,1.8257%
1753825200,-0.000753984,0.002407305,1.7503%
1753825500,0.00165291,0.002392349,1.9156%
1753825800,0.000260849,0.001253532,1.9417%
1753826100,-0.000989487,0.002148826,1.8428%
1753826400,-0.000272846,0.002168313,1.8155%
1753826700,-7.49E-05,0.002875263,1.8080%
1753827000,-0.000785257,0.002099914,1.7294%
1753827300,0.000632557,0.001131722,1.7927%
1753827600,0.000233776,0.003732373,1.8161%
1753827900,0.000525319,0.001495253,1.8686%
1753828200,-0.00023942,0.001705496,1.8447%
1753828500,0.001181451,0.001851442,1.9628%
1753828800,0.000251537,0.002350012,1.9880%
1753829100,-0.000177825,0.001674838,1.9702%
1753829400,-5.33E-05,0.003619553,1.9649%
1753829700,0.000260502,0.002278719,1.9909%
1753830000,-0.000670313,0.004230558,1.9239%
1753830300,0.000301578,0.001291854,1.9540%
1753830600,-8.96E-05,0.003614247,1.9451%
1753830900,0.001496208,0.002423618,2.0947%
1753831200,3.23E-05,0.00125121,2.0979%
1753831500,-0.000362154,0.00286623,2.0617%
1753831800,-0.000165533,0.001991428,2.0451%
1753832100,0.000564338,0.003318488,2.1016%
1753832400,-0.0006015,0.002480576,2.0414%
1753832700,0.000531596,0.002880938,2.0946%
1753833000,0.000694904,0.001149265,2.1641%
1753833300,-0.000254002,0.002731718,2.1387%
1753833600,-9.47E-05,0.001192206,2.1292%
1753833900,-7.40E-05,0.003671929,2.1218%
1753834200,0.000220641,0.001972677,2.1439%
1753834500,0.000294295,0.001310272,2.1733%
1753834800,-0.000595453,0.001408306,2.1138%
1753835100,-0.001945722,0.001683126,1.9192%
1753835400,0.000890733,0.002767091,2.0083%
1753835700,0.000894876,0.002559979,2.0978%
1753836000,0.000369883,0.001370692,2.1347%
1753836300,-0.000750766,0.001914094,2.0597%
1753836600,0.001288133,0.003312684,2.1885%
1753836900,0.000384872,0.002804522,2.2270%
1753837200,0.000530168,0.001099138,2.2800%
1753837500,-4.41E-05,0.000707202,2.2756%
1753837800,0.001565029,0.001532598,2.4321%
1753838100,-0.001375167,0.00238359,2.2946%
1753838400,0.000130995,0.001502127,2.3077%
1753838700,0.000652448,0.002209493,2.3729%
1753839000,0.000169724,0.001048701,2.3899%
1753839300,-0.00231356,0.001191327,2.1585%
1753839600,0.001575652,0.001022266,2.3161%
1753839900,-3.95E-05,0.001391541,2.3121%
1753840200,-0.001375944,0.001408309,2.1745%
1753840500,-0.000801372,0.001158389,2.0944%
1753840800,-0.000767645,0.001810586,2.0176%
1753841100,0.00042905,0.002912621,2.0605%
1753841400,0.002677535,0.002771074,2.3283%
1753841700,-0.000853939,0.001745303,2.2429%
1753842000,0.000102922,0.003461862,2.2532%
1753842300,0.000386103,0.002310066,2.2918%
1753842600,0.001116999,0.003008423,2.4035%
1753842900,8.74E-05,0.005649268,2.4122%
1753843200,0.000588286,0.001049618,2.4711%
1753843500,-0.000636318,0.0017063,2.4074%
1753843800,-0.000309061,0.001958987,2.3765%
1753844100,0.000799142,0.002609108,2.4564%
1753844400,-0.000419318,0.001436169,2.4145%
1753844700,0.000601043,0.001381914,2.4746%
1753845000,0.000263788,0.002884651,2.5010%
1753845300,0.000322363,0.001882353,2.5332%
1753845600,-0.000476482,0.000968846,2.4856%
1753845900,0.000987026,0.001156223,2.5843%
1753846200,0.000331064,0.001159993,2.6174%
1753846500,-0.000367417,0.002093046,2.5807%
1753846800,-0.000547521,0.000822848,2.5259%
1753847100,0.00118865,0.002467394,2.6448%
1753847400,-0.000501368,0.001108799,2.5946%
1753847700,0.000630038,0.001666273,2.6576%
1753848000,-3.86E-05,0.003360484,2.6538%
1753848300,0.000188478,0.00193482,2.6726%
1753848600,-0.000687793,0.00280711,2.6038%
1753848900,0.000838506,0.001857706,2.6877%
1753849200,0.000331822,0.001926915,2.7209%
1753849500,-1.68E-05,0.001102637,2.7192%
1753849800,0.000937428,0.00247251,2.8129%
1753850100,-0.000212006,0.002514838,2.7917%
1753850400,0.000295667,0.001054289,2.8213%
1753850700,0.000803596,0.001227674,2.9017%
1753851000,0.000363793,0.0015435,2.9380%
1753851300,0.00033728,0.001872853,2.9718%
1753851600,0.000326672,0.002470635,3.0044%
1753851900,-0.001279103,0.001030744,2.8765%
1753852200,-0.000627397,0.002950552,2.8138%
1753852500,0.000545642,0.002655814,2.8684%
1753852800,0.000309577,0.000945543,2.8993%
1753853100,-0.000692188,0.00260607,2.8301%
1753853400,-0.000745465,0.001167835,2.7555%
1753853700,-0.000235768,0.002434123,2.7320%
1753854000,-0.000259575,0.000974832,2.7060%
1753854300,-6.16E-05,0.002906591,2.6998%
1753854600,-0.000259921,0.002206204,2.6739%
1753854900,0.000296674,0.003137649,2.7035%
1753855200,0.000488163,0.001090106,2.7523%
1753855500,0.000246865,0.003278347,2.7770%
1753855800,-0.000185068,0.001067323,2.7585%
1753856100,0.000866225,0.001304471,2.8451%
1753856400,1.65E-05,0.001692822,2.8468%
1753856700,0.000326552,0.002240067,2.8794%
1753857000,0.000996458,0.000998819,2.9791%
1753857300,7.15E-05,0.003510647,2.9862%
1753857600,-0.000532427,0.001865979,2.9330%
1753857900,-0.000283567,0.001054863,2.9046%
1753858200,-0.000401557,0.002962542,2.8645%
1753858500,-0.001509775,0.001915065,2.7135%
1753858800,0.000890979,0.001949499,2.8026%
1753859100,-0.001102021,0.002006673,2.6924%
1753859400,0.000999691,0.000974749,2.7924%
1753859700,0.000448874,0.00158119,2.8373%
1753860000,0.000732955,0.001447604,2.9106%
1753860300,-0.000809862,0.002471879,2.8296%
1753860600,-0.000790466,0.00277709,2.7505%
1753860900,0.00021196,0.000959281,2.7717%
1753861200,0.001137875,0.00105009,2.8855%
1753861500,0.000197997,0.002310956,2.9053%
1753861800,0.000761456,0.001465148,2.9815%
1753862100,-0.000973606,0.001818756,2.8841%
1753862400,0.000854574,0.002937152,2.9695%
1753862700,0.000661927,0.00254908,3.0357%
1753863000,-0.000825117,0.002279924,2.9532%
1753863300,0.000336682,0.002635281,2.9869%
1753863600,0.00030284,0.00112067,3.0172%
1753863900,0.001528693,0.002247208,3.1701%
1753864200,-0.000832136,0.001867508,3.0868%
1753864500,-0.000568989,0.001974174,3.0299%
1753864800,0.00021363,0.001706457,3.0513%
1753865100,-0.00059193,0.001171965,2.9921%
1753865400,0.001735132,0.001856517,3.1656%
1753865700,0.000643298,0.00095824,3.2300%
1753866000,-0.000373129,0.001687223,3.1926%
1753866300,-0.001033891,0.000968789,3.0893%
1753866600,-0.000159405,0.001085378,3.0733%
1753866900,9.22E-05,0.003077371,3.0825%
1753867200,-0.000293381,0.00165234,3.0532%
1753867500,0.000110467,0.00114296,3.0642%
1753867800,-0.000438878,0.001224319,3.0203%
1753868100,-0.000570362,0.003706562,2.9633%
1753868400,0.000661062,0.002350059,3.0294%
1753868700,-0.000527944,0.001094197,2.9766%
1753869000,0.000315533,0.003919246,3.0082%
1753869300,0.000992343,0.001593819,3.1074%
1753869600,0.000469579,0.001816165,3.1544%
1753869900,-0.000183981,0.000739201,3.1360%
1753870200,0.000723032,0.001503933,3.2083%
1753870500,-0.000429832,0.001961598,3.1653%
1753870800,0.000118848,0.002471682,3.1772%
1753871100,-8.71E-05,0.002622269,3.1685%
1753871400,-0.000593333,0.001608217,3.1091%
1753871700,0.001911611,0.001369275,3.3003%
1753872000,0.000648037,0.001005633,3.3651%
1753872300,-0.000751328,0.001701294,3.2900%
1753872600,-0.000802608,0.002269344,3.2097%
1753872900,0.000197437,0.001424473,3.2294%
1753873200,0.000452541,0.00173484,3.2747%
1753873500,-2.53E-05,0.001302793,3.2722%
1753873800,0.000897941,0.001901348,3.3620%
1753874100,0.000432134,0.00116175,3.4052%
1753874400,-0.000703489,0.002270647,3.3348%
1753874700,-0.001314718,0.003240203,3.2034%
1753875000,-0.00013541,0.004043128,3.1898%
1753875300,0.000490244,0.003515146,3.2388%
1753875600,-0.000740415,0.001479697,3.1648%
1753875900,-0.000506765,0.001931099,3.1141%
1753876200,-0.001407735,0.003680439,2.9734%
1753876500,0.000313544,0.003836531,3.0047%
1753876800,0.000739176,0.001232094,3.0786%
1753877100,-0.000446207,0.0018448,3.0340%
1753877400,-0.000355064,0.002635196,2.9985%
1753877700,0.001143978,0.004602663,3.1129%
1753878000,0.001556966,0.003298585,3.2686%
1753878300,-0.000645445,0.001755405,3.2040%
1753878600,0.002012855,0.002374336,3.4053%
1753878900,0.000301786,0.001266994,3.4355%
1753879200,-0.000251172,0.00230544,3.4104%
1753879500,-0.001134666,0.003700404,3.2969%
1753879800,0.000444031,0.00237124,3.3413%
1753880100,-0.000722234,0.00209282,3.2691%
1753880400,-0.001408768,0.001737687,3.1282%
1753880700,0.001349002,0.001760735,3.2631%
1753881000,-0.002362879,0.002576796,3.0268%
1753881300,0.000192092,0.002576132,3.0461%
1753881600,0.001077028,0.001838743,3.1538%
1753881900,-0.000956375,0.0018635,3.0581%
1753882200,0.000794196,0.001969268,3.1375%
1753882500,0.000354546,0.002982474,3.1730%
1753882800,0.00076074,0.001605244,3.2491%
1753883100,-0.002224933,0.000916841,3.0266%
1753883400,-0.001111022,0.001502923,2.9155%
1753883700,0.000296553,0.000949003,2.9451%
1753884000,0.000890948,0.001593869,3.0342%
1753884300,0.000263596,0.003066641,3.0606%
1753884600,0.00033824,0.003187319,3.0944%
1753884900,-0.001216248,0.003890603,2.9728%
1753885200,0.000314112,0.004076892,3.0042%
1753885500,-0.000237182,0.003359877,2.9805%
1753885800,0.001502434,0.000947236,3.1307%
1753886100,0.00075385,0.001497554,3.2061%
1753886400,0.001505226,0.003827567,3.3566%
1753886700,0.001029125,0.003707852,3.4595%
1753887000,0.00277218,0.002052003,3.7368%
1753887300,-0.001253023,0.00384352,3.6115%
1753887600,-0.001223002,0.003427129,3.4891%
1753887900,-0.001771849,0.001125962,3.3120%
1753888200,0.000410107,0.002120509,3.3530%
1753888500,9.98E-05,0.001233731,3.3630%
1753888800,-0.000597822,0.002074007,3.3032%
1753889100,-0.000746679,0.001810382,3.2285%
1753889400,-8.54E-05,0.002193316,3.2200%
1753889700,0.00048637,0.001593375,3.2686%
1753890000,-0.000285649,0.002539023,3.2400%
1753890300,0.00010431,0.001271655,3.2505%
1753890600,0.00049795,0.001368096,3.3003%
1753890900,-0.001025103,0.001803037,3.1978%
1753891200,-0.001010813,0.001467026,3.0967%
1753891500,-0.002291968,0.00163203,2.8675%
1753891800,0.00021008,0.000983758,2.8885%
1753892100,0.001592079,0.002563798,3.0477%
1753892400,0.001484342,0.002545335,3.1961%
1753892700,0.000581725,0.001899254,3.2543%
1753893000,0.001001916,0.001178091,3.3545%
1753893300,-0.000617816,0.001188049,3.2927%
1753893600,-0.001678084,0.001634769,3.1249%
1753893900,0.001069974,0.001801503,3.2319%
1753894200,0.000257775,0.002209158,3.2577%
1753894500,0.000690182,0.001552736,3.3267%
1753894800,0.000169161,0.003696898,3.3436%
1753895100,-0.000432557,0.002449797,3.3004%
1753895400,0.000727471,0.00101875,3.3731%
1753895700,0.000308045,0.003446928,3.4039%
1753896000,-0.000160616,0.000978816,3.3878%
1753896300,0.000617848,0.001859489,3.4496%
1753896600,-0.000337711,0.002526346,3.4159%
1753896900,-0.000311989,0.001080129,3.3847%
1753897200,-2.50E-05,0.001884636,3.3822%
1753897500,-9.64E-06,0.001503378,3.3812%
1753897800,-0.000570662,0.00133973,3.3241%
1753898100,-0.000337483,0.00243884,3.2904%
1753898400,-0.001774481,0.002325986,3.1129%
1753898700,-0.000383088,0.003063734,3.0746%
1753899000,-0.00013538,0.002392898,3.0611%
1753899300,0.001011311,0.002265177,3.1622%
1753899600,-0.000744869,0.002631775,3.0877%
1753899900,-0.000697103,0.002099509,3.0180%
1753900200,0.001571344,0.001472732,3.1752%
1753900500,-0.002865905,0.001489658,2.8886%
1753900800,0.002357274,0.001669079,3.1243%
1753901100,-0.004638472,0.005709766,2.6604%
1753901400,0.000322067,0.000917809,2.6927%
1753901700,-0.002279872,0.001092902,2.4647%
1753902000,0.002045413,0.001872114,2.6692%
1753902300,0.001296401,0.004788807,2.7988%
1753902600,0.000821642,0.0024461,2.8810%
1753902900,-0.000718805,0.001569829,2.8091%
1753903200,0.001860043,0.004688162,2.9951%
1753903500,-0.00138143,0.003802908,2.8570%
1753903800,0.001037371,0.004288099,2.9607%
1753904100,0.000960483,0.003557925,3.0568%
1753904400,0.00210208,0.002499774,3.2670%
1753904700,0.003117319,0.003252515,3.5787%
1753905000,-0.003029456,0.001229505,3.2758%
1753905300,-0.001205046,0.001327357,3.1553%
1753905600,0.000964674,0.00181335,3.2517%
1753905900,0.001237627,0.001390524,3.3755%
1753906200,-0.000632119,0.001090293,3.3123%
1753906500,0.000257431,0.00162138,3.3380%
1753906800,0.001191579,0.002328744,3.4572%
1753907100,-0.001165333,0.001458422,3.3407%
1753907400,0.000620794,0.0015534,3.4027%
1753907700,0.001868752,0.002937502,3.5896%
1753908000,-0.000289134,0.002482959,3.5607%
1753908300,-0.00136517,0.001175626,3.4242%
1753908600,0.001001268,0.001199188,3.5243%
1753908900,0.000712072,0.001820784,3.5955%
1753909200,-0.001653157,0.003122539,3.4302%
1753909500,0.000752011,0.003398402,3.5054%
1753909800,-0.001525717,0.001189186,3.3528%
1753910100,0.000547894,0.003338053,3.4076%
1753910400,-0.000122364,0.001529809,3.3954%
1753910700,0.000183977,0.003181374,3.4138%
1753911000,-0.000115802,0.001154244,3.4022%
1753911300,0.00025571,0.002277404,3.4278%
1753911600,0.000590154,0.004445793,3.4868%
1753911900,0.000395686,0.002435543,3.5263%
1753912200,0.00022509,0.001941875,3.5489%
1753912500,0.000912214,0.003589008,3.6401%
1753912800,-0.000245655,0.001625145,3.6155%
1753913100,7.31E-05,0.001227245,3.6228%
1753913400,0.000287957,0.001522409,3.6516%
1753913700,0.000127738,0.001878291,3.6644%
1753914000,0.000866115,0.001949062,3.7510%
1753914300,0.000655777,0.002098779,3.8166%
1753914600,-0.001104721,0.002671829,3.7061%
1753914900,0.00023711,0.001937445,3.7298%
1753915200,-0.000854145,0.000920107,3.6444%
1753915500,0.000605806,0.005113307,3.7050%
1753915800,-0.00164798,0.002546591,3.5402%
1753916100,-0.000379692,0.001403821,3.5022%
1753916400,0.001651902,0.001618182,3.6674%
1753916700,-0.000102058,0.004930651,3.6572%
1753917000,1.88E-05,0.00204249,3.6591%
1753917300,0.000159418,0.004587235,3.6750%
1753917600,-0.000491887,0.005372359,3.6258%
1753917900,0.000430881,0.001590813,3.6689%
1753918200,0.001207744,0.002275646,3.7897%
1753918500,0.000856738,0.002123961,3.8754%
1753918800,-0.000301726,0.003484359,3.8452%
1753919100,0.001806219,0.001889462,4.0258%
1753919400,-0.000550711,0.002992481,3.9708%
1753919700,0.000659975,0.001973106,4.0367%
1753920000,-0.001126401,0.002978213,3.9241%
1753920300,0.000194025,0.003817274,3.9435%
1753920600,0.000811728,0.00321474,4.0247%
1753920900,-0.000187657,0.001857525,4.0059%
1753921200,0.000141865,0.002291579,4.0201%
1753921500,0.001836491,0.002128158,4.2038%
1753921800,0.001236925,0.002611098,4.3274%
1753922100,0.001227232,0.001943144,4.4502%
1753922400,0.000146684,0.001936506,4.4648%
1753922700,-0.000210747,0.001520126,4.4438%
1753923000,0.000560106,0.001705476,4.4998%
1753923300,-0.000199706,0.001700575,4.4798%
1753923600,-0.000791835,0.001728612,4.4006%
1753923900,-0.000573945,0.001645948,4.3432%
1753924200,0.000553398,0.001899671,4.3986%
1753924500,-0.000498457,0.002749926,4.3487%
1753924800,-0.00026592,0.003565945,4.3221%
1753925100,-0.000748439,0.002236212,4.2473%
1753925400,-0.001627776,0.00190592,4.0845%
1753925700,0.00051381,0.000928295,4.1359%
1753926000,-0.000549969,0.002318032,4.0809%
1753926300,-0.000310819,0.002710263,4.0498%
1753926600,-0.0002163,0.002075642,4.0282%
1753926900,0.000370219,0.001123942,4.0652%
1753927200,-0.000813624,0.001601362,3.9838%
1753927500,0.002543456,0.001663454,4.2382%
1753927800,0.000114948,0.000989837,4.2497%
1753928100,-0.000234244,0.001542502,4.2263%
1753928400,-0.00130108,0.002399048,4.0961%
1753928700,0.000448564,0.001617452,4.1410%
1753929000,0.000535452,0.001813554,4.1945%
1753929300,0.000569395,0.001897257,4.2515%
1753929600,0.002657436,0.001335076,4.5172%
1753929900,-0.001256281,0.00335479,4.3916%
1753930200,0.001585512,0.002428823,4.5502%
1753930500,-0.00102619,0.003121264,4.4475%
1753930800,-0.000546826,0.001498514,4.3929%
1753931100,0.000958242,0.002508532,4.4887%
1753931400,-0.000143621,0.001548684,4.4743%
1753931700,-0.000445573,0.003153541,4.4298%
1753932000,0.000655246,0.00131651,4.4953%
1753932300,3.27E-05,0.001875732,4.4985%
1753932600,0.000221813,0.00205289,4.5207%
1753932900,-0.000632342,0.001086589,4.4575%
1753933200,-1.46E-05,0.001736516,4.4560%
1753933500,-0.000175147,0.002879792,4.4385%
1753933800,0.000362845,0.001435173,4.4748%
1753934100,-6.23E-05,0.003797492,4.4686%
1753934400,0.000169349,0.001385428,4.4855%
1753934700,0.000328582,0.00335556,4.5184%
1753935000,0.000144096,0.00110383,4.5328%
1753935300,-0.000445279,0.001356567,4.4882%
1753935600,0.000230261,0.002550653,4.5113%
1753935900,8.82E-06,0.001118941,4.5122%
1753936200,-0.000839097,0.002408221,4.4282%
1753936500,0.000227261,0.001934946,4.4510%
1753936800,-0.000811461,0.001576498,4.3698%
1753937100,0.000377391,0.001873379,4.4076%
1753937400,0.000360906,0.001685265,4.4437%
1753937700,0.000186874,0.002582145,4.4623%
1753938000,-0.000725494,0.002641095,4.3898%
1753938300,-0.002024288,0.001193691,4.1874%
1753938600,-0.001183808,0.002343817,4.0690%
1753938900,-0.000375248,0.001617702,4.0315%
1753939200,-0.000197593,0.001702484,4.0117%
1753939500,0.000123773,0.002994987,4.0241%
1753939800,0.000913044,0.001728697,4.1154%
1753940100,-0.000543047,0.001981071,4.0611%
1753940400,-0.000123944,0.001911356,4.0487%
1753940700,-0.000385869,0.001312512,4.0101%
1753941000,0.00018823,0.002898559,4.0289%
1753941300,0.000509421,0.002530032,4.0799%
1753941600,0.000631585,0.001465236,4.1430%
1753941900,-0.000565733,0.00126658,4.0864%
1753942200,0.000906607,0.00148421,4.1771%
1753942500,-0.000365542,0.000816735,4.1406%
1753942800,-3.76E-05,0.00232135,4.1368%
1753943100,0.000156906,0.001985604,4.1525%
1753943400,0.000465739,0.001326883,4.1991%
1753943700,0.001300523,0.002206506,4.3291%
1753944000,-0.000824962,0.001382731,4.2466%
1753944300,0.000715491,0.004683969,4.3182%
1753944600,0.000180414,0.004208148,4.3362%
1753944900,0.00107717,0.003294716,4.4439%
1753945200,-0.000651771,0.003029971,4.3787%
1753945500,-6.00E-05,0.00213951,4.3727%
1753945800,0.001197185,0.000973015,4.4925%
1753946100,0.000298414,0.00263199,4.5223%
1753946400,-0.000753729,0.002160129,4.4469%
1753946700,-0.000461078,0.003146356,4.4008%
1753947000,-0.00078352,0.004423859,4.3225%
1753947300,-0.000432799,0.001115444,4.2792%
1753947600,-0.000452599,0.001333264,4.2339%
1753947900,-1.42E-05,0.00326373,4.2325%
1753948200,-0.000865501,0.002550349,4.1460%
1753948500,0.000256706,0.001990662,4.1716%
1753948800,-0.000781343,0.002238067,4.0935%
1753949100,0.000327757,0.004621313,4.1263%
1753949400,0.000372967,0.003514152,4.1636%
1753949700,-0.000792398,0.002923899,4.0843%
1753950000,-0.001402682,0.001828992,3.9441%
1753950300,0.001320959,0.003465208,4.0762%
1753950600,-5.36E-05,0.002153582,4.0708%
1753950900,-0.001230685,0.002608669,3.9477%
1753951200,0.000724466,0.002103913,4.0202%
1753951500,-0.000744147,0.000974466,3.9458%
1753951800,-0.000472375,0.003272933,3.8985%
1753952100,-0.000415629,0.001788428,3.8570%
1753952400,-0.001837772,0.003066162,3.6732%
1753952700,0.000212888,0.001678341,3.6945%
1753953000,9.63E-05,0.002037921,3.7041%
1753953300,-0.000118486,0.000967213,3.6923%
1753953600,-2.79E-05,0.001706344,3.6895%
1753953900,0.000151644,0.002169701,3.7046%
1753954200,-0.000269723,0.002754295,3.6777%
1753954500,-0.000727391,0.001719377,3.6049%
1753954800,-0.001020371,0.00104068,3.5029%
1753955100,-0.00089186,0.002365802,3.4137%
1753955400,0.001386044,0.001650798,3.5523%
1753955700,-0.000543626,0.001117401,3.4979%
1753956000,-0.000356124,0.001552926,3.4623%
1753956300,-3.39E-05,0.001525334,3.4589%
1753956600,0.001510145,0.000903018,3.6100%
1753956900,-0.000600046,0.002814221,3.5499%
1753957200,3.98E-05,0.00097858,3.5539%
1753957500,0.000274246,0.002351124,3.5814%
1753957800,-0.000439884,0.003316678,3.5374%
1753958100,0.000176635,0.002471791,3.5550%
1753958400,0.000446566,0.001440436,3.5997%
1753958700,0.001187326,0.002316599,3.7184%
1753959000,-0.000103295,0.00158746,3.7081%
1753959300,0.000601043,0.001428572,3.7682%
1753959600,-0.000274069,0.00159783,3.7408%
1753959900,-0.001096871,0.001698563,3.6311%
1753960200,-0.000130231,0.003383416,3.6181%
1753960500,-0.000142482,0.001305217,3.6038%
1753960800,2.17E-06,0.001299671,3.6040%
1753961100,-0.000205684,0.001559118,3.5835%
1753961400,-0.000745341,0.002153761,3.5089%
1753961700,0.0002521,0.001782861,3.5342%
1753962000,-0.000976589,0.00193482,3.4365%
1753962300,-1.42E-05,0.00154064,3.4351%
1753962600,0.00086194,0.001971122,3.5213%
1753962900,0.000827274,0.000935923,3.6040%
1753963200,0.00084905,0.00334679,3.6889%
1753963500,0.000562727,0.001233473,3.7452%
1753963800,0.001701264,0.001676924,3.9153%
1753964100,-0.001073288,0.003540727,3.8080%
1753964400,0.000813287,0.000906551,3.8893%
1753964700,0.001852077,0.001668881,4.0745%
1753965000,-0.000434229,0.003291211,4.0311%
1753965300,0.001276161,0.000878634,4.1587%
1753965600,0.000131273,0.001408715,4.1718%
1753965900,0.000391003,0.001424859,4.2109%
1753966200,0.000318329,0.001505611,4.2428%
1753966500,0.001253949,0.00106326,4.3682%
1753966800,-0.000476208,0.003647528,4.3205%
1753967100,0.000837341,0.003260198,4.4043%
1753967400,-0.001371102,0.000954503,4.2672%
1753967700,0.000802623,0.002071498,4.3474%
1753968000,-6.11E-05,0.005053253,4.3413%
1753968300,6.69E-05,0.002763504,4.3480%
1753968600,-0.003819466,0.003951513,3.9661%
1753968900,0.005691794,0.001547686,4.5352%
1753969200,-0.000481286,0.001918648,4.4871%
1753969500,-0.000247042,0.002845521,4.4624%
1753969800,0.001276242,0.001788299,4.5900%
1753970100,-0.000276775,0.002745047,4.5623%
1753970400,-0.001309571,0.003008283,4.4314%
1753970700,0.00028395,0.00281804,4.4598%
1753971000,-0.002187041,0.000944701,4.2411%
1753971300,0.002789403,0.003248851,4.5200%
1753971600,-0.002379405,0.002206478,4.2821%
1753971900,-0.002586616,0.001920689,4.0234%
1753972200,-0.000299344,0.004056871,3.9935%
1753972500,0.000411863,0.00224008,4.0347%
1753972800,6.30E-05,0.001968352,4.0410%
1753973100,0.000523004,0.001016262,4.0933%
1753973400,0.000371627,0.003361594,4.1304%
1753973700,0.000608465,0.00139186,4.1913%
1753974000,0.001157169,0.00344849,4.3070%
1753974300,-0.000159329,0.003454289,4.2911%
1753974600,-0.000390436,0.004072993,4.2520%
1753974900,-0.000885857,0.001337885,4.1634%
1753975200,-0.001126172,0.000897033,4.0508%
1753975500,-0.000516215,0.002466039,3.9992%
1753975800,0.00148964,0.002336666,4.1482%
1753976100,0.001545184,0.004138383,4.3027%
1753976400,0.000464658,0.001391981,4.3491%
1753976700,-0.001640953,0.000918998,4.1850%
1753977000,-0.000225375,0.001399645,4.1625%
1753977300,-0.000491453,0.001343224,4.1134%
1753977600,-0.001617965,0.001441446,3.9516%
1753977900,-0.000609746,0.004343531,3.8906%
1753978200,0.001318618,0.002580977,4.0225%
1753978500,-0.001335895,0.003432819,3.8889%
1753978800,0.000387955,0.002589505,3.9277%
1753979100,0.000259457,0.003585596,3.9536%
1753979400,0.001196209,0.002302285,4.0732%
1753979700,-0.002854316,0.002439041,3.7878%
1753980000,0.000480666,0.00196349,3.8359%
1753980300,-0.001584343,0.00274193,3.6774%
1753980600,-0.000761345,0.001470943,3.6013%
1753980900,-6.84E-05,0.00241339,3.5945%
1753981200,-0.001132475,0.001426973,3.4812%
1753981500,0.001876778,0.001101824,3.6689%
1753981800,-0.000850374,0.001018756,3.5838%
1753982100,-0.000375958,0.00175785,3.5463%
1753982400,-0.000550963,0.002237138,3.4912%
1753982700,-0.002223162,0.001153969,3.2688%
1753983000,0.000886117,0.00393653,3.3574%
1753983300,0.002142446,0.001607164,3.5717%
1753983600,0.000392967,0.001206944,3.6110%
1753983900,-0.000756054,0.001174519,3.5354%
1753984200,-0.001605817,0.002208337,3.3748%
1753984500,-0.000237358,0.00168074,3.3511%
1753984800,-0.000483796,0.003707887,3.3027%
1753985100,-0.002910288,0.00279716,3.0117%
1753985400,0.002457069,0.002444036,3.2574%
1753985700,0.001869774,0.003613972,3.4443%
1753986000,0.001347275,0.003583291,3.5791%
1753986300,0.001690881,0.002093517,3.7482%
1753986600,-0.000387212,0.002052199,3.7094%
1753986900,-0.002023893,0.001345513,3.5070%
1753987200,-0.001207856,0.00092135,3.3863%
1753987500,-0.001514766,0.00182139,3.2348%
1753987800,-0.001312952,0.001454125,3.1035%
1753988100,-0.001343258,0.000814918,2.9692%
1753988400,0.000252406,0.001768073,2.9944%
1753988700,0.00065024,0.001679533,3.0594%
1753989000,-0.001241497,0.002651935,2.9353%
1753989300,-0.000232534,0.001678962,2.9120%
1753989600,0.000353667,0.002202808,2.9474%
1753989900,0.001459329,0.001114919,3.0933%
1753990200,-0.002672651,0.001198597,2.8261%
1753990500,0.000398303,0.001754106,2.8659%
1753990800,0.000298687,0.00237284,2.8958%
1753991100,-0.001172508,0.001798597,2.7785%
1753991400,0.000120699,0.002600566,2.7906%
1753991700,-0.00111558,0.002754949,2.6790%
1753992000,0.001376817,0.003472558,2.8167%
1753992300,-0.002977328,0.00490879,2.5190%
1753992600,-0.0008978,0.003231288,2.4292%
1753992900,0.000851889,0.002972499,2.5144%
1753993200,0.001044902,0.002343958,2.6189%
1753993500,0.001885103,0.001750754,2.8074%
1753993800,-0.00135551,0.00104794,2.6718%
1753994100,0.000698844,0.003678441,2.7417%
1753994400,-0.004170766,0.00375739,2.3246%
1753994700,0.001092994,0.003599036,2.4339%
1753995000,-0.001247516,0.003253682,2.3092%
1753995300,-0.000558446,0.001163755,2.2533%
1753995600,0.005226001,0.003051419,2.7759%
1753995900,0.001563392,0.001614015,2.9323%
1753996200,-0.00118621,0.001780847,2.8137%
1753996500,0.002489422,0.002189803,3.0626%
1753996800,0.001380383,0.003111429,3.2006%
1753997100,-0.001126148,0.00387094,3.0880%
1753997400,-0.000519895,0.002080349,3.0360%
1753997700,0.001818197,0.002524928,3.2179%
1753998000,0.002020054,0.001696331,3.4199%
1753998300,-0.002058672,0.001455722,3.2140%
1753998600,-0.000898979,0.002088568,3.1241%
1753998900,-0.00266008,0.002153834,2.8581%
1753999200,-0.000658884,0.001112234,2.7922%
1753999500,-0.001098159,0.001998055,2.6824%
1753999800,-0.000719402,0.001871713,2.6104%
1754000100,-0.000450903,0.002025359,2.5654%
1754000400,0.000766665,0.002185465,2.6420%
1754000700,0.00083545,0.002239814,2.7256%
1754001000,0.001062486,0.000851947,2.8318%
1754001300,0.000230334,0.001253754,2.8548%
1754001600,-0.000472224,0.002006872,2.8076%
1754001900,-0.000872534,0.002853233,2.7204%
1754002200,0.00049969,0.002612129,2.7703%
1754002500,-0.001790347,0.001290489,2.5913%
1754002800,0.000206265,0.004424723,2.6119%
1754003100,0.001586906,0.003462838,2.7706%
1754003400,0.002479662,0.000948908,3.0186%
1754003700,0.001400645,0.003463379,3.1587%
1754004000,-0.001431412,0.001278007,3.0155%
1754004300,-0.001034559,0.003541391,2.9121%
1754004600,-0.003831196,0.003088803,2.5289%
1754004900,-0.000133277,0.003011577,2.5156%
1754005200,8.39E-05,0.002736913,2.5240%
1754005500,-0.000843724,0.005599788,2.4396%
1754005800,-0.001825291,0.001977424,2.2571%
