date,BTCUSDT,ETHUSDT,SOLUSDT
2025/7/24 4:55,0.15,0.35,-0.5
2025/7/24 5:00,0,0.5,-0.5
2025/7/24 5:05,0.1,0.4,-0.5
2025/7/24 5:10,0,0.5,-0.5
2025/7/24 5:15,0.111111111,0.388888889,-0.5
2025/7/24 5:20,0.111111111,0.388888889,-0.5
2025/7/24 5:25,0.0625,0.4375,-0.5
2025/7/24 5:30,0.055555556,0.444444444,-0.5
2025/7/24 5:35,0.15,0.35,-0.5
2025/7/24 5:40,0.142857143,0.357142857,-0.5
2025/7/24 5:45,0.1,0.4,-0.5
2025/7/24 5:50,0.125,0.375,-0.5
2025/7/24 5:55,0.071428571,0.428571429,-0.5
2025/7/24 6:00,0,0.5,-0.5
2025/7/24 6:05,0.0625,0.4375,-0.5
2025/7/24 6:10,0.125,0.375,-0.5
2025/7/24 6:15,0,0.5,-0.5
2025/7/24 6:20,0.166666667,0.333333333,-0.5
2025/7/24 6:25,0,0.5,-0.5
2025/7/24 6:30,-0.033333333,0.5,-0.466666667
2025/7/24 6:35,0.125,0.375,-0.5
2025/7/24 6:40,0.055555556,0.444444444,-0.5
2025/7/24 6:45,0.05,0.45,-0.5
2025/7/24 6:50,0.125,0.375,-0.5
2025/7/24 6:55,0.0625,0.4375,-0.5
2025/7/24 7:00,0.15,0.35,-0.5
2025/7/24 7:05,0.15,0.35,-0.5
2025/7/24 7:10,0.045454545,0.454545455,-0.5
2025/7/24 7:15,0.111111111,0.388888889,-0.5
2025/7/24 7:20,-0.038461538,0.5,-0.461538462
2025/7/24 7:25,0.083333333,0.416666667,-0.5
2025/7/24 7:30,0.111111111,0.388888889,-0.5
2025/7/24 7:35,0.111111111,0.388888889,-0.5
2025/7/24 7:40,0.071428571,0.428571429,-0.5
2025/7/24 7:45,0,0.5,-0.5
2025/7/24 7:50,0.071428571,0.428571429,-0.5
2025/7/24 7:55,0.0625,0.4375,-0.5
2025/7/24 8:00,0.111111111,0.388888889,-0.5
2025/7/24 8:05,0.111111111,0.388888889,-0.5
2025/7/24 8:10,0.142857143,0.357142857,-0.5
2025/7/24 8:15,0.090909091,0.409090909,-0.5
2025/7/24 8:20,0,0.5,-0.5
2025/7/24 8:25,0.055555556,0.444444444,-0.5
2025/7/24 8:30,0,0.5,-0.5
2025/7/24 8:35,0.111111111,0.388888889,-0.5
2025/7/24 8:40,0,0.5,-0.5
2025/7/24 8:45,0.125,0.375,-0.5
2025/7/24 8:50,-0.033333333,0.5,-0.466666667
2025/7/24 8:55,0,0.5,-0.5
2025/7/24 9:00,0,0.5,-0.5
2025/7/24 9:05,-0.035714286,0.5,-0.464285714
2025/7/24 9:10,0,0.5,-0.5
2025/7/24 9:15,0.041666667,0.458333333,-0.5
2025/7/24 9:20,-0.035714286,0.5,-0.464285714
2025/7/24 9:25,-0.033333333,0.5,-0.466666667
2025/7/24 9:30,-0.033333333,0.5,-0.466666667
2025/7/24 9:35,0.05,0.45,-0.5
2025/7/24 9:40,0,0.5,-0.5
2025/7/24 9:45,0.083333333,0.416666667,-0.5
2025/7/24 9:50,-0.035714286,0.5,-0.464285714
2025/7/24 9:55,-0.033333333,0.5,-0.466666667
2025/7/24 10:00,0.055555556,0.444444444,-0.5
2025/7/24 10:05,0,0.5,-0.5
2025/7/24 10:10,-0.035714286,0.5,-0.464285714
2025/7/24 10:15,-0.033333333,0.5,-0.466666667
2025/7/24 10:20,0,0.5,-0.5
2025/7/24 10:25,-0.066666667,0.5,-0.433333333
2025/7/24 10:30,-0.071428571,0.5,-0.428571429
2025/7/24 10:35,-0.1,0.5,-0.4
2025/7/24 10:40,-0.035714286,0.5,-0.464285714
2025/7/24 10:45,-0.035714286,0.5,-0.464285714
2025/7/24 10:50,-0.038461538,0.5,-0.461538462
2025/7/24 10:55,-0.1,0.5,-0.4
2025/7/24 11:00,0.0625,0.4375,-0.5
2025/7/24 11:05,0.071428571,0.428571429,-0.5
2025/7/24 11:10,-0.071428571,0.5,-0.428571429
2025/7/24 11:15,0.055555556,0.444444444,-0.5
2025/7/24 11:20,0,0.5,-0.5
2025/7/24 11:25,0,0.5,-0.5
2025/7/24 11:30,0.05,0.45,-0.5
2025/7/24 11:35,0.055555556,0.444444444,-0.5
2025/7/24 11:40,0.05,0.45,-0.5
2025/7/24 11:45,0.055555556,0.444444444,-0.5
2025/7/24 11:50,0.055555556,0.444444444,-0.5
2025/7/24 11:55,0.1,0.4,-0.5
2025/7/24 12:00,0.05,0.45,-0.5
2025/7/24 12:05,0,0.5,-0.5
2025/7/24 12:10,0,0.5,-0.5
2025/7/24 12:15,-0.035714286,0.5,-0.464285714
2025/7/24 12:20,0.055555556,0.444444444,-0.5
2025/7/24 12:25,0,0.5,-0.5
2025/7/24 12:30,0.0625,0.4375,-0.5
2025/7/24 12:35,0,0.5,-0.5
2025/7/24 12:40,-0.035714286,0.5,-0.464285714
2025/7/24 12:45,-0.0625,0.5,-0.4375
2025/7/24 12:50,0.111111111,0.388888889,-0.5
2025/7/24 12:55,0,0.5,-0.5
2025/7/24 13:00,-0.038461538,0.5,-0.461538462
2025/7/24 13:05,0.0625,0.4375,-0.5
2025/7/24 13:10,0,0.5,-0.5
2025/7/24 13:15,-0.041666667,0.5,-0.458333333
2025/7/24 13:20,0.083333333,0.416666667,-0.5
2025/7/24 13:25,-0.045454545,0.5,-0.454545455
2025/7/24 13:30,0,0.5,-0.5
2025/7/24 13:35,0.0625,0.4375,-0.5
2025/7/24 13:40,-0.035714286,0.5,-0.464285714
2025/7/24 13:45,-0.038461538,0.5,-0.461538462
2025/7/24 13:50,0,0.5,-0.5
2025/7/24 13:55,-0.066666667,0.5,-0.433333333
2025/7/24 14:00,-0.038461538,0.5,-0.461538462
2025/7/24 14:05,0.083333333,0.416666667,-0.5
2025/7/24 14:10,0,0.5,-0.5
2025/7/24 14:15,-0.035714286,0.5,-0.464285714
2025/7/24 14:20,-0.035714286,0.5,-0.464285714
2025/7/24 14:25,-0.033333333,0.5,-0.466666667
2025/7/24 14:30,0,0.5,-0.5
2025/7/24 14:35,0,0.5,-0.5
2025/7/24 14:40,0,0.5,-0.5
2025/7/24 14:45,0,0.5,-0.5
2025/7/24 14:50,-0.05,0.5,-0.45
2025/7/24 14:55,0,0.5,-0.5
2025/7/24 15:00,0.071428571,0.428571429,-0.5
2025/7/24 15:05,0.090909091,0.409090909,-0.5
2025/7/24 15:10,-0.033333333,0.5,-0.466666667
2025/7/24 15:15,0,0.5,-0.5
2025/7/24 15:20,-0.033333333,0.5,-0.466666667
2025/7/24 15:25,0.090909091,0.409090909,-0.5
2025/7/24 15:30,0,0.5,-0.5
2025/7/24 15:35,-0.066666667,0.5,-0.433333333
2025/7/24 15:40,0,0.5,-0.5
2025/7/24 15:45,0,0.5,-0.5
2025/7/24 15:50,-0.033333333,0.5,-0.466666667
2025/7/24 15:55,-0.035714286,0.5,-0.464285714
2025/7/24 16:00,-0.035714286,0.5,-0.464285714
2025/7/24 16:05,-0.035714286,0.5,-0.464285714
2025/7/24 16:10,-0.033333333,0.5,-0.466666667
2025/7/24 16:15,-0.0625,0.5,-0.4375
2025/7/24 16:20,0,0.5,-0.5
2025/7/24 16:25,-0.035714286,0.5,-0.464285714
2025/7/24 16:30,0.055555556,0.444444444,-0.5
2025/7/24 16:35,-0.033333333,0.5,-0.466666667
2025/7/24 16:40,-0.033333333,0.5,-0.466666667
2025/7/24 16:45,-0.03125,0.5,-0.46875
2025/7/24 16:50,-0.076923077,0.5,-0.423076923
2025/7/24 16:55,-0.035714286,0.5,-0.464285714
2025/7/24 17:00,0.055555556,0.444444444,-0.5
2025/7/24 17:05,-0.045454545,0.5,-0.454545455
2025/7/24 17:10,0,0.5,-0.5
2025/7/24 17:15,0,0.5,-0.5
2025/7/24 17:20,-0.035714286,0.5,-0.464285714
2025/7/24 17:25,-0.041666667,0.5,-0.458333333
2025/7/24 17:30,0,0.5,-0.5
2025/7/24 17:35,-0.038461538,0.5,-0.461538462
2025/7/24 17:40,0,0.5,-0.5
2025/7/24 17:45,0.05,0.45,-0.5
2025/7/24 17:50,0,0.5,-0.5
2025/7/24 17:55,0,0.5,-0.5
2025/7/24 18:00,0,0.5,-0.5
2025/7/24 18:05,0.166666667,0.333333333,-0.5
2025/7/24 18:10,0.090909091,0.409090909,-0.5
2025/7/24 18:15,0.05,0.45,-0.5
2025/7/24 18:20,0.0625,0.4375,-0.5
2025/7/24 18:25,0.0625,0.4375,-0.5
2025/7/24 18:30,0.055555556,0.444444444,-0.5
2025/7/24 18:35,-0.038461538,0.5,-0.461538462
2025/7/24 18:40,0.05,0.45,-0.5
2025/7/24 18:45,0,0.5,-0.5
2025/7/24 18:50,0.083333333,0.416666667,-0.5
2025/7/24 18:55,0.0625,0.4375,-0.5
2025/7/24 19:00,0,0.5,-0.5
2025/7/24 19:05,0.15,0.35,-0.5
2025/7/24 19:10,0.055555556,0.444444444,-0.5
2025/7/24 19:15,0.1,0.4,-0.5
2025/7/24 19:20,0,0.5,-0.5
2025/7/24 19:25,0.111111111,0.388888889,-0.5
2025/7/24 19:30,0,0.5,-0.5
2025/7/24 19:35,-0.041666667,0.5,-0.458333333
2025/7/24 19:40,-0.035714286,0.5,-0.464285714
2025/7/24 19:45,-0.038461538,0.5,-0.461538462
2025/7/24 19:50,0,0.5,-0.5
2025/7/24 19:55,0.090909091,0.409090909,-0.5
2025/7/24 20:00,-0.041666667,0.5,-0.458333333
2025/7/24 20:05,-0.076923077,0.5,-0.423076923
2025/7/24 20:10,-0.071428571,0.5,-0.428571429
2025/7/24 20:15,-0.035714286,0.5,-0.464285714
2025/7/24 20:20,0,0.5,-0.5
2025/7/24 20:25,0,0.5,-0.5
2025/7/24 20:30,-0.133333333,0.5,-0.366666667
2025/7/24 20:35,0,0.5,-0.5
2025/7/24 20:40,-0.071428571,0.5,-0.428571429
2025/7/24 20:45,0,0.5,-0.5
2025/7/24 20:50,0,0.5,-0.5
2025/7/24 20:55,0,0.5,-0.5
2025/7/24 21:00,-0.045454545,0.5,-0.454545455
2025/7/24 21:05,-0.038461538,0.5,-0.461538462
2025/7/24 21:10,0.055555556,0.444444444,-0.5
2025/7/24 21:15,-0.0625,0.5,-0.4375
2025/7/24 21:20,0,0.5,-0.5
2025/7/24 21:25,-0.033333333,0.5,-0.466666667
2025/7/24 21:30,0,0.5,-0.5
2025/7/24 21:35,-0.0625,0.5,-0.4375
2025/7/24 21:40,0,0.5,-0.5
2025/7/24 21:45,0,0.5,-0.5
2025/7/24 21:50,0.071428571,0.428571429,-0.5
2025/7/24 21:55,0.1,0.4,-0.5
2025/7/24 22:00,0.083333333,0.416666667,-0.5
2025/7/24 22:05,0.125,0.375,-0.5
2025/7/24 22:10,0,0.5,-0.5
2025/7/24 22:15,0,0.5,-0.5
2025/7/24 22:20,0.0625,0.4375,-0.5
2025/7/24 22:25,0.125,0.375,-0.5
2025/7/24 22:30,0.166666667,0.333333333,-0.5
2025/7/24 22:35,0.142857143,0.357142857,-0.5
2025/7/24 22:40,0.142857143,0.357142857,-0.5
2025/7/24 22:45,0.142857143,0.357142857,-0.5
2025/7/24 22:50,0,0.5,-0.5
2025/7/24 22:55,0,0.5,-0.5
2025/7/24 23:00,0.083333333,0.416666667,-0.5
2025/7/24 23:05,0.071428571,0.428571429,-0.5
2025/7/24 23:10,0.083333333,0.416666667,-0.5
2025/7/24 23:15,0.125,0.375,-0.5
2025/7/24 23:20,0.083333333,0.416666667,-0.5
2025/7/24 23:25,0.15,0.35,-0.5
2025/7/24 23:30,0.0625,0.4375,-0.5
2025/7/24 23:35,0,0.5,-0.5
2025/7/24 23:40,0.0625,0.4375,-0.5
2025/7/24 23:45,0.181818182,0.318181818,-0.5
2025/7/24 23:50,0.083333333,0.416666667,-0.5
2025/7/24 23:55,0,0.5,-0.5
2025/7/25 0:00,0,0.5,-0.5
2025/7/25 0:05,0.166666667,0.333333333,-0.5
2025/7/25 0:10,0.111111111,0.388888889,-0.5
2025/7/25 0:15,0,0.5,-0.5
2025/7/25 0:20,0.111111111,0.388888889,-0.5
2025/7/25 0:25,-0.033333333,0.5,-0.466666667
2025/7/25 0:30,0,0.5,-0.5
2025/7/25 0:35,-0.033333333,0.5,-0.466666667
2025/7/25 0:40,0.0625,0.4375,-0.5
2025/7/25 0:45,0.0625,0.4375,-0.5
2025/7/25 0:50,0,0.5,-0.5
2025/7/25 0:55,0.136363636,0.363636364,-0.5
2025/7/25 1:00,0,0.5,-0.5
2025/7/25 1:05,0,0.5,-0.5
2025/7/25 1:10,0.166666667,0.333333333,-0.5
2025/7/25 1:15,0.111111111,0.388888889,-0.5
2025/7/25 1:20,0.055555556,0.444444444,-0.5
2025/7/25 1:25,0.055555556,0.444444444,-0.5
2025/7/25 1:30,0.045454545,0.454545455,-0.5
2025/7/25 1:35,0.1,0.4,-0.5
2025/7/25 1:40,-0.041666667,0.5,-0.458333333
2025/7/25 1:45,0,0.5,-0.5
2025/7/25 1:50,0,0.5,-0.5
2025/7/25 1:55,0,0.5,-0.5
2025/7/25 2:00,0.0625,0.4375,-0.5
2025/7/25 2:05,0.0625,0.4375,-0.5
2025/7/25 2:10,0.125,0.375,-0.5
2025/7/25 2:15,-0.071428571,0.5,-0.428571429
2025/7/25 2:20,0.071428571,0.428571429,-0.5
2025/7/25 2:25,-0.0625,0.5,-0.4375
2025/7/25 2:30,0.071428571,0.428571429,-0.5
2025/7/25 2:35,0.111111111,0.388888889,-0.5
2025/7/25 2:40,0,0.5,-0.5
2025/7/25 2:45,0.055555556,0.444444444,-0.5
2025/7/25 2:50,0.1,0.4,-0.5
2025/7/25 2:55,0.055555556,0.444444444,-0.5
2025/7/25 3:00,0.090909091,0.409090909,-0.5
2025/7/25 3:05,0,0.5,-0.5
2025/7/25 3:10,0.083333333,0.416666667,-0.5
2025/7/25 3:15,0.1,0.4,-0.5
2025/7/25 3:20,0.136363636,0.363636364,-0.5
2025/7/25 3:25,0,0.5,-0.5
2025/7/25 3:30,0.055555556,0.444444444,-0.5
2025/7/25 3:35,0.1,0.4,-0.5
2025/7/25 3:40,0.0625,0.4375,-0.5
2025/7/25 3:45,0.125,0.375,-0.5
2025/7/25 3:50,0.136363636,0.363636364,-0.5
2025/7/25 3:55,0.0625,0.4375,-0.5
2025/7/25 4:00,0.083333333,0.416666667,-0.5
2025/7/25 4:05,0.071428571,0.428571429,-0.5
2025/7/25 4:10,0.111111111,0.388888889,-0.5
2025/7/25 4:15,0.153846154,0.346153846,-0.5
2025/7/25 4:20,0.181818182,0.318181818,-0.5
2025/7/25 4:25,0.071428571,0.428571429,-0.5
2025/7/25 4:30,0.05,0.45,-0.5
2025/7/25 4:35,0.090909091,0.409090909,-0.5
2025/7/25 4:40,0.0625,0.4375,-0.5
2025/7/25 4:45,0.05,0.45,-0.5
2025/7/25 4:50,0,0.5,-0.5
2025/7/25 4:55,0,0.5,-0.5
2025/7/25 5:00,0.125,0.375,-0.5
2025/7/25 5:05,0,0.5,-0.5
2025/7/25 5:10,0,0.5,-0.5
2025/7/25 5:15,0.05,0.45,-0.5
2025/7/25 5:20,0.055555556,0.444444444,-0.5
2025/7/25 5:25,0,0.5,-0.5
2025/7/25 5:30,0.05,0.45,-0.5
2025/7/25 5:35,0.05,0.45,-0.5
2025/7/25 5:40,0,0.5,-0.5
2025/7/25 5:45,0,0.5,-0.5
2025/7/25 5:50,0,0.5,-0.5
2025/7/25 5:55,0,0.5,-0.5
2025/7/25 6:00,0.05,0.45,-0.5
2025/7/25 6:05,0,0.5,-0.5
2025/7/25 6:10,0.125,0.375,-0.5
2025/7/25 6:15,0,0.5,-0.5
2025/7/25 6:20,0,0.5,-0.5
2025/7/25 6:25,-0.058823529,0.5,-0.441176471
2025/7/25 6:30,0,0.5,-0.5
2025/7/25 6:35,0.045454545,0.454545455,-0.5
2025/7/25 6:40,0.05,0.45,-0.5
2025/7/25 6:45,-0.038461538,0.5,-0.461538462
2025/7/25 6:50,-0.033333333,0.5,-0.466666667
2025/7/25 6:55,0.055555556,0.444444444,-0.5
2025/7/25 7:00,0.1,0.4,-0.5
2025/7/25 7:05,0,0.5,-0.5
2025/7/25 7:10,-0.035714286,0.5,-0.464285714
2025/7/25 7:15,0,0.5,-0.5
2025/7/25 7:20,-0.041666667,0.5,-0.458333333
2025/7/25 7:25,-0.033333333,0.5,-0.466666667
2025/7/25 7:30,-0.035714286,0.5,-0.464285714
2025/7/25 7:35,-0.041666667,0.5,-0.458333333
2025/7/25 7:40,-0.038461538,0.5,-0.461538462
2025/7/25 7:45,0.071428571,0.428571429,-0.5
2025/7/25 7:50,0,0.5,-0.5
2025/7/25 7:55,0,0.5,-0.5
2025/7/25 8:00,0,0.5,-0.5
2025/7/25 8:05,0.071428571,0.428571429,-0.5
2025/7/25 8:10,0.071428571,0.428571429,-0.5
2025/7/25 8:15,0.045454545,0.454545455,-0.5
2025/7/25 8:20,0,0.5,-0.5
2025/7/25 8:25,0.055555556,0.444444444,-0.5
2025/7/25 8:30,0.111111111,0.388888889,-0.5
2025/7/25 8:35,0,0.5,-0.5
2025/7/25 8:40,0.0625,0.4375,-0.5
2025/7/25 8:45,0.045454545,0.454545455,-0.5
2025/7/25 8:50,-0.038461538,0.5,-0.461538462
2025/7/25 8:55,-0.071428571,0.5,-0.428571429
2025/7/25 9:00,0,0.5,-0.5
2025/7/25 9:05,0,0.5,-0.5
2025/7/25 9:10,-0.035714286,0.5,-0.464285714
2025/7/25 9:15,0.055555556,0.444444444,-0.5
2025/7/25 9:20,-0.038461538,0.5,-0.461538462
2025/7/25 9:25,0.055555556,0.444444444,-0.5
2025/7/25 9:30,0.111111111,0.388888889,-0.5
2025/7/25 9:35,0.05,0.45,-0.5
2025/7/25 9:40,0,0.5,-0.5
2025/7/25 9:45,0,0.5,-0.5
2025/7/25 9:50,0.071428571,0.428571429,-0.5
2025/7/25 9:55,0,0.5,-0.5
2025/7/25 10:00,0.0625,0.4375,-0.5
2025/7/25 10:05,0.055555556,0.444444444,-0.5
2025/7/25 10:10,0.055555556,0.444444444,-0.5
2025/7/25 10:15,0.041666667,0.458333333,-0.5
2025/7/25 10:20,-0.03125,0.5,-0.46875
2025/7/25 10:25,0.090909091,0.409090909,-0.5
2025/7/25 10:30,-0.03125,0.5,-0.46875
2025/7/25 10:35,0.1,0.4,-0.5
2025/7/25 10:40,0,0.5,-0.5
2025/7/25 10:45,0.055555556,0.444444444,-0.5
2025/7/25 10:50,0.0625,0.4375,-0.5
2025/7/25 10:55,0.055555556,0.444444444,-0.5
2025/7/25 11:00,0.045454545,0.454545455,-0.5
2025/7/25 11:05,-0.0625,0.5,-0.4375
2025/7/25 11:10,0,0.5,-0.5
2025/7/25 11:15,0.05,0.45,-0.5
2025/7/25 11:20,0,0.5,-0.5
2025/7/25 11:25,-0.035714286,0.5,-0.464285714
2025/7/25 11:30,0.05,0.45,-0.5
2025/7/25 11:35,0.090909091,0.409090909,-0.5
2025/7/25 11:40,0.090909091,0.409090909,-0.5
2025/7/25 11:45,0.05,0.45,-0.5
2025/7/25 11:50,-0.035714286,0.5,-0.464285714
2025/7/25 11:55,0,0.5,-0.5
2025/7/25 12:00,0.041666667,0.458333333,-0.5
2025/7/25 12:05,0.071428571,0.428571429,-0.5
2025/7/25 12:10,0.055555556,0.444444444,-0.5
2025/7/25 12:15,-0.066666667,0.5,-0.433333333
2025/7/25 12:20,0,0.5,-0.5
2025/7/25 12:25,-0.071428571,0.5,-0.428571429
2025/7/25 12:30,-0.083333333,0.5,-0.416666667
2025/7/25 12:35,-0.041666667,0.5,-0.458333333
2025/7/25 12:40,-0.125,0.5,-0.375
2025/7/25 12:45,-0.05,0.5,-0.45
2025/7/25 12:50,-0.038461538,0.5,-0.461538462
2025/7/25 12:55,-0.041666667,0.5,-0.458333333
2025/7/25 13:00,-0.083333333,0.5,-0.416666667
2025/7/25 13:05,-0.035714286,0.5,-0.464285714
2025/7/25 13:10,-0.071428571,0.5,-0.428571429
2025/7/25 13:15,-0.1,0.5,-0.4
2025/7/25 13:20,0,0.5,-0.5
2025/7/25 13:25,-0.038461538,0.5,-0.461538462
2025/7/25 13:30,0,0.5,-0.5
2025/7/25 13:35,0.0625,0.4375,-0.5
2025/7/25 13:40,-0.038461538,0.5,-0.461538462
2025/7/25 13:45,0,0.5,-0.5
2025/7/25 13:50,0.071428571,0.428571429,-0.5
2025/7/25 13:55,0,0.5,-0.5
2025/7/25 14:00,0,0.5,-0.5
2025/7/25 14:05,0,0.5,-0.5
2025/7/25 14:10,-0.041666667,0.5,-0.458333333
2025/7/25 14:15,-0.071428571,0.5,-0.428571429
2025/7/25 14:20,-0.115384615,0.5,-0.384615385
2025/7/25 14:25,0,0.5,-0.5
2025/7/25 14:30,-0.071428571,0.5,-0.428571429
2025/7/25 14:35,-0.041666667,0.5,-0.458333333
2025/7/25 14:40,0.055555556,0.444444444,-0.5
2025/7/25 14:45,0.111111111,0.388888889,-0.5
2025/7/25 14:50,0.071428571,0.428571429,-0.5
2025/7/25 14:55,0.166666667,0.333333333,-0.5
2025/7/25 15:00,0.1,0.4,-0.5
2025/7/25 15:05,0,0.5,-0.5
2025/7/25 15:10,0.071428571,0.428571429,-0.5
2025/7/25 15:15,0,0.5,-0.5
2025/7/25 15:20,0,0.5,-0.5
2025/7/25 15:25,0.125,0.375,-0.5
2025/7/25 15:30,0.0625,0.4375,-0.5
2025/7/25 15:35,0,0.5,-0.5
2025/7/25 15:40,0.05,0.45,-0.5
2025/7/25 15:45,0.090909091,0.409090909,-0.5
2025/7/25 15:50,0,0.5,-0.5
2025/7/25 15:55,-0.076923077,0.5,-0.423076923
2025/7/25 16:00,0.083333333,0.416666667,-0.5
2025/7/25 16:05,0.111111111,0.388888889,-0.5
2025/7/25 16:10,-0.035714286,0.5,-0.464285714
2025/7/25 16:15,0.15,0.35,-0.5
2025/7/25 16:20,0.142857143,0.357142857,-0.5
2025/7/25 16:25,0.0625,0.4375,-0.5
2025/7/25 16:30,0.071428571,0.428571429,-0.5
2025/7/25 16:35,0.1,0.4,-0.5
2025/7/25 16:40,0.111111111,0.388888889,-0.5
2025/7/25 16:45,0.055555556,0.444444444,-0.5
2025/7/25 16:50,0.055555556,0.444444444,-0.5
2025/7/25 16:55,0.1,0.4,-0.5
2025/7/25 17:00,0.071428571,0.428571429,-0.5
2025/7/25 17:05,0.083333333,0.416666667,-0.5
2025/7/25 17:10,0.0625,0.4375,-0.5
2025/7/25 17:15,0,0.5,-0.5
2025/7/25 17:20,0.090909091,0.409090909,-0.5
2025/7/25 17:25,0.125,0.375,-0.5
2025/7/25 17:30,0.0625,0.4375,-0.5
2025/7/25 17:35,0.045454545,0.454545455,-0.5
2025/7/25 17:40,0,0.5,-0.5
2025/7/25 17:45,0.0625,0.4375,-0.5
2025/7/25 17:50,0.111111111,0.388888889,-0.5
2025/7/25 17:55,0.0625,0.4375,-0.5
2025/7/25 18:00,0,0.5,-0.5
2025/7/25 18:05,0.0625,0.4375,-0.5
2025/7/25 18:10,0,0.5,-0.5
2025/7/25 18:15,0.071428571,0.428571429,-0.5
2025/7/25 18:20,0,0.5,-0.5
2025/7/25 18:25,0.045454545,0.454545455,-0.5
2025/7/25 18:30,0.055555556,0.444444444,-0.5
2025/7/25 18:35,0,0.5,-0.5
2025/7/25 18:40,0,0.5,-0.5
2025/7/25 18:45,0.055555556,0.444444444,-0.5
2025/7/25 18:50,-0.035714286,0.5,-0.464285714
2025/7/25 18:55,0,0.5,-0.5
2025/7/25 19:00,0.055555556,0.444444444,-0.5
2025/7/25 19:05,0.045454545,0.454545455,-0.5
2025/7/25 19:10,-0.035714286,0.5,-0.464285714
2025/7/25 19:15,-0.041666667,0.5,-0.458333333
2025/7/25 19:20,-0.033333333,0.5,-0.466666667
2025/7/25 19:25,0.055555556,0.444444444,-0.5
2025/7/25 19:30,0.041666667,0.458333333,-0.5
2025/7/25 19:35,0.05,0.45,-0.5
2025/7/25 19:40,0.111111111,0.388888889,-0.5
2025/7/25 19:45,0,0.5,-0.5
2025/7/25 19:50,0.0625,0.4375,-0.5
2025/7/25 19:55,0.045454545,0.454545455,-0.5
2025/7/25 20:00,-0.041666667,0.5,-0.458333333
2025/7/25 20:05,0,0.5,-0.5
2025/7/25 20:10,0.05,0.45,-0.5
2025/7/25 20:15,0,0.5,-0.5
2025/7/25 20:20,0,0.5,-0.5
2025/7/25 20:25,0,0.5,-0.5
2025/7/25 20:30,0.055555556,0.444444444,-0.5
2025/7/25 20:35,0,0.5,-0.5
2025/7/25 20:40,0.1,0.4,-0.5
2025/7/25 20:45,0.071428571,0.428571429,-0.5
2025/7/25 20:50,0.1,0.4,-0.5
2025/7/25 20:55,0,0.5,-0.5
2025/7/25 21:00,0.055555556,0.444444444,-0.5
2025/7/25 21:05,0,0.5,-0.5
2025/7/25 21:10,-0.038461538,0.5,-0.461538462
2025/7/25 21:15,0,0.5,-0.5
2025/7/25 21:20,0,0.5,-0.5
2025/7/25 21:25,0.136363636,0.363636364,-0.5
2025/7/25 21:30,0,0.5,-0.5
2025/7/25 21:35,-0.038461538,0.5,-0.461538462
2025/7/25 21:40,-0.033333333,0.5,-0.466666667
2025/7/25 21:45,-0.033333333,0.5,-0.466666667
2025/7/25 21:50,0,0.5,-0.5
2025/7/25 21:55,-0.058823529,0.5,-0.441176471
2025/7/25 22:00,-0.035714286,0.5,-0.464285714
2025/7/25 22:05,0.115384615,0.384615385,-0.5
2025/7/25 22:10,0.090909091,0.409090909,-0.5
2025/7/25 22:15,-0.066666667,0.5,-0.433333333
2025/7/25 22:20,0.055555556,0.444444444,-0.5
2025/7/25 22:25,-0.035714286,0.5,-0.464285714
2025/7/25 22:30,-0.071428571,0.5,-0.428571429
2025/7/25 22:35,-0.033333333,0.5,-0.466666667
2025/7/25 22:40,0.083333333,0.416666667,-0.5
2025/7/25 22:45,-0.035714286,0.5,-0.464285714
2025/7/25 22:50,-0.033333333,0.5,-0.466666667
2025/7/25 22:55,0,0.5,-0.5
2025/7/25 23:00,0,0.5,-0.5
2025/7/25 23:05,0,0.5,-0.5
2025/7/25 23:10,0,0.5,-0.5
2025/7/25 23:15,0.0625,0.4375,-0.5
2025/7/25 23:20,-0.041666667,0.5,-0.458333333
2025/7/25 23:25,0.055555556,0.444444444,-0.5
2025/7/25 23:30,-0.038461538,0.5,-0.461538462
2025/7/25 23:35,0,0.5,-0.5
2025/7/25 23:40,0.055555556,0.444444444,-0.5
2025/7/25 23:45,0,0.5,-0.5
2025/7/25 23:50,0.055555556,0.444444444,-0.5
2025/7/25 23:55,0.05,0.45,-0.5
2025/7/26 0:00,0,0.5,-0.5
2025/7/26 0:05,0.05,0.45,-0.5
2025/7/26 0:10,-0.038461538,0.5,-0.461538462
2025/7/26 0:15,0,0.5,-0.5
2025/7/26 0:20,-0.038461538,0.5,-0.461538462
2025/7/26 0:25,0,0.5,-0.5
2025/7/26 0:30,0,0.5,-0.5
2025/7/26 0:35,0.083333333,0.416666667,-0.5
2025/7/26 0:40,-0.041666667,0.5,-0.458333333
2025/7/26 0:45,0,0.5,-0.5
2025/7/26 0:50,-0.038461538,0.5,-0.461538462
2025/7/26 0:55,0,0.5,-0.5
2025/7/26 1:00,-0.035714286,0.5,-0.464285714
2025/7/26 1:05,0.05,0.45,-0.5
2025/7/26 1:10,0,0.5,-0.5
2025/7/26 1:15,0,0.5,-0.5
2025/7/26 1:20,0,0.5,-0.5
2025/7/26 1:25,-0.076923077,0.5,-0.423076923
2025/7/26 1:30,-0.038461538,0.5,-0.461538462
2025/7/26 1:35,0.0625,0.4375,-0.5
2025/7/26 1:40,-0.041666667,0.5,-0.458333333
2025/7/26 1:45,-0.041666667,0.5,-0.458333333
2025/7/26 1:50,0,0.5,-0.5
2025/7/26 1:55,0.0625,0.4375,-0.5
2025/7/26 2:00,0,0.5,-0.5
2025/7/26 2:05,-0.05,0.5,-0.45
2025/7/26 2:10,0,0.5,-0.5
2025/7/26 2:15,-0.038461538,0.5,-0.461538462
2025/7/26 2:20,0.071428571,0.428571429,-0.5
2025/7/26 2:25,0.05,0.45,-0.5
2025/7/26 2:30,0,0.5,-0.5
2025/7/26 2:35,0.05,0.45,-0.5
2025/7/26 2:40,0,0.5,-0.5
2025/7/26 2:45,0.0625,0.4375,-0.5
2025/7/26 2:50,0,0.5,-0.5
2025/7/26 2:55,0.055555556,0.444444444,-0.5
2025/7/26 3:00,0.055555556,0.444444444,-0.5
2025/7/26 3:05,0,0.5,-0.5
2025/7/26 3:10,0.115384615,0.384615385,-0.5
2025/7/26 3:15,0.045454545,0.454545455,-0.5
2025/7/26 3:20,-0.033333333,0.5,-0.466666667
2025/7/26 3:25,0,0.5,-0.5
2025/7/26 3:30,0,0.5,-0.5
2025/7/26 3:35,0,0.5,-0.5
2025/7/26 3:40,0,0.5,-0.5
2025/7/26 3:45,0.055555556,0.444444444,-0.5
2025/7/26 3:50,0,0.5,-0.5
2025/7/26 3:55,0.090909091,0.409090909,-0.5
2025/7/26 4:00,0,0.5,-0.5
2025/7/26 4:05,0.071428571,0.428571429,-0.5
2025/7/26 4:10,0,0.5,-0.5
2025/7/26 4:15,0.0625,0.4375,-0.5
2025/7/26 4:20,-0.038461538,0.5,-0.461538462
2025/7/26 4:25,-0.083333333,0.5,-0.416666667
2025/7/26 4:30,0.090909091,0.409090909,-0.5
2025/7/26 4:35,0.055555556,0.444444444,-0.5
2025/7/26 4:40,0,0.5,-0.5
2025/7/26 4:45,0,0.5,-0.5
2025/7/26 4:50,0.055555556,0.444444444,-0.5
2025/7/26 4:55,0,0.5,-0.5
2025/7/26 5:00,0.1,0.4,-0.5
2025/7/26 5:05,-0.045454545,0.5,-0.454545455
2025/7/26 5:10,0,0.5,-0.5
2025/7/26 5:15,0.071428571,0.428571429,-0.5
2025/7/26 5:20,-0.071428571,0.5,-0.428571429
2025/7/26 5:25,-0.035714286,0.5,-0.464285714
2025/7/26 5:30,0.083333333,0.416666667,-0.5
2025/7/26 5:35,0.136363636,0.363636364,-0.5
2025/7/26 5:40,0.083333333,0.416666667,-0.5
2025/7/26 5:45,0,0.5,-0.5
2025/7/26 5:50,-0.038461538,0.5,-0.461538462
2025/7/26 5:55,0.090909091,0.409090909,-0.5
2025/7/26 6:00,0,0.5,-0.5
2025/7/26 6:05,-0.035714286,0.5,-0.464285714
2025/7/26 6:10,-0.071428571,0.5,-0.428571429
2025/7/26 6:15,-0.035714286,0.5,-0.464285714
2025/7/26 6:20,0.055555556,0.444444444,-0.5
2025/7/26 6:25,0.071428571,0.428571429,-0.5
2025/7/26 6:30,-0.035714286,0.5,-0.464285714
2025/7/26 6:35,0.071428571,0.428571429,-0.5
2025/7/26 6:40,-0.071428571,0.5,-0.428571429
2025/7/26 6:45,0.071428571,0.428571429,-0.5
2025/7/26 6:50,-0.033333333,0.5,-0.466666667
2025/7/26 6:55,-0.035714286,0.5,-0.464285714
2025/7/26 7:00,0,0.5,-0.5
2025/7/26 7:05,-0.09375,0.5,-0.40625
2025/7/26 7:10,0.083333333,0.416666667,-0.5
2025/7/26 7:15,-0.038461538,0.5,-0.461538462
2025/7/26 7:20,0,0.5,-0.5
2025/7/26 7:25,0.045454545,0.454545455,-0.5
2025/7/26 7:30,0.055555556,0.444444444,-0.5
2025/7/26 7:35,0,0.5,-0.5
2025/7/26 7:40,0,0.5,-0.5
2025/7/26 7:45,0,0.5,-0.5
2025/7/26 7:50,0,0.5,-0.5
2025/7/26 7:55,0.071428571,0.428571429,-0.5
2025/7/26 8:00,0.083333333,0.416666667,-0.5
2025/7/26 8:05,0.0625,0.4375,-0.5
2025/7/26 8:10,0,0.5,-0.5
2025/7/26 8:15,0,0.5,-0.5
2025/7/26 8:20,0.111111111,0.388888889,-0.5
2025/7/26 8:25,0,0.5,-0.5
2025/7/26 8:30,0.1,0.4,-0.5
2025/7/26 8:35,0,0.5,-0.5
2025/7/26 8:40,0.142857143,0.357142857,-0.5
2025/7/26 8:45,0.0625,0.4375,-0.5
2025/7/26 8:50,0.090909091,0.409090909,-0.5
2025/7/26 8:55,0,0.5,-0.5
2025/7/26 9:00,0.05,0.45,-0.5
2025/7/26 9:05,-0.045454545,0.5,-0.454545455
2025/7/26 9:10,-0.038461538,0.5,-0.461538462
2025/7/26 9:15,0,0.5,-0.5
2025/7/26 9:20,0.0625,0.4375,-0.5
2025/7/26 9:25,0,0.5,-0.5
2025/7/26 9:30,-0.1,0.5,-0.4
2025/7/26 9:35,0,0.5,-0.5
2025/7/26 9:40,0.05,0.45,-0.5
2025/7/26 9:45,-0.038461538,0.5,-0.461538462
2025/7/26 9:50,0.0625,0.4375,-0.5
2025/7/26 9:55,0.1,0.4,-0.5
2025/7/26 10:00,-0.05,0.5,-0.45
2025/7/26 10:05,0.05,0.45,-0.5
2025/7/26 10:10,0.05,0.45,-0.5
2025/7/26 10:15,0.083333333,0.416666667,-0.5
2025/7/26 10:20,0.045454545,0.454545455,-0.5
2025/7/26 10:25,0.041666667,0.458333333,-0.5
2025/7/26 10:30,0,0.5,-0.5
2025/7/26 10:35,0.05,0.45,-0.5
2025/7/26 10:40,0.1,0.4,-0.5
2025/7/26 10:45,0.090909091,0.409090909,-0.5
2025/7/26 10:50,0.15,0.35,-0.5
2025/7/26 10:55,-0.033333333,0.5,-0.466666667
2025/7/26 11:00,0.090909091,0.409090909,-0.5
2025/7/26 11:05,0.055555556,0.444444444,-0.5
2025/7/26 11:10,0.055555556,0.444444444,-0.5
2025/7/26 11:15,0.05,0.45,-0.5
2025/7/26 11:20,0.05,0.45,-0.5
2025/7/26 11:25,0,0.5,-0.5
2025/7/26 11:30,-0.035714286,0.5,-0.464285714
2025/7/26 11:35,0.0625,0.4375,-0.5
2025/7/26 11:40,-0.033333333,0.5,-0.466666667
2025/7/26 11:45,-0.033333333,0.5,-0.466666667
2025/7/26 11:50,0.1875,0.3125,-0.5
2025/7/26 11:55,0.05,0.45,-0.5
2025/7/26 12:00,0,0.5,-0.5
2025/7/26 12:05,0.111111111,0.388888889,-0.5
2025/7/26 12:10,0,0.5,-0.5
2025/7/26 12:15,0,0.5,-0.5
2025/7/26 12:20,0.045454545,0.454545455,-0.5
2025/7/26 12:25,0,0.5,-0.5
2025/7/26 12:30,0.055555556,0.444444444,-0.5
2025/7/26 12:35,-0.107142857,0.5,-0.392857143
2025/7/26 12:40,0.090909091,0.409090909,-0.5
2025/7/26 12:45,0,0.5,-0.5
2025/7/26 12:50,0,0.5,-0.5
2025/7/26 12:55,0.071428571,0.428571429,-0.5
2025/7/26 13:00,0,0.5,-0.5
2025/7/26 13:05,0.125,0.375,-0.5
2025/7/26 13:10,0.045454545,0.454545455,-0.5
2025/7/26 13:15,0,0.5,-0.5
2025/7/26 13:20,0.055555556,0.444444444,-0.5
2025/7/26 13:25,0.1,0.4,-0.5
2025/7/26 13:30,0.05,0.45,-0.5
2025/7/26 13:35,0.045454545,0.454545455,-0.5
2025/7/26 13:40,0.1,0.4,-0.5
2025/7/26 13:45,0.0625,0.4375,-0.5
2025/7/26 13:50,0.136363636,0.363636364,-0.5
2025/7/26 13:55,0,0.5,-0.5
2025/7/26 14:00,0.0625,0.4375,-0.5
2025/7/26 14:05,0.090909091,0.409090909,-0.5
2025/7/26 14:10,0.05,0.45,-0.5
2025/7/26 14:15,0,0.5,-0.5
2025/7/26 14:20,-0.03125,0.5,-0.46875
2025/7/26 14:25,0.1,0.4,-0.5
2025/7/26 14:30,0,0.5,-0.5
2025/7/26 14:35,0.090909091,0.409090909,-0.5
2025/7/26 14:40,0,0.5,-0.5
2025/7/26 14:45,0,0.5,-0.5
2025/7/26 14:50,0.090909091,0.409090909,-0.5
2025/7/26 14:55,-0.066666667,0.5,-0.433333333
2025/7/26 15:00,0,0.5,-0.5
2025/7/26 15:05,0.0625,0.4375,-0.5
2025/7/26 15:10,-0.033333333,0.5,-0.466666667
2025/7/26 15:15,-0.035714286,0.5,-0.464285714
2025/7/26 15:20,0.125,0.375,-0.5
2025/7/26 15:25,-0.038461538,0.5,-0.461538462
2025/7/26 15:30,0.071428571,0.428571429,-0.5
2025/7/26 15:35,-0.088235294,0.5,-0.411764706
2025/7/26 15:40,-0.035714286,0.5,-0.464285714
2025/7/26 15:45,0.055555556,0.444444444,-0.5
2025/7/26 15:50,0,0.5,-0.5
2025/7/26 15:55,0.1,0.4,-0.5
2025/7/26 16:00,0.1,0.4,-0.5
2025/7/26 16:05,0.055555556,0.444444444,-0.5
2025/7/26 16:10,0.071428571,0.428571429,-0.5
2025/7/26 16:15,-0.035714286,0.5,-0.464285714
2025/7/26 16:20,0.0625,0.4375,-0.5
2025/7/26 16:25,0.111111111,0.388888889,-0.5
2025/7/26 16:30,-0.035714286,0.5,-0.464285714
2025/7/26 16:35,0.05,0.45,-0.5
2025/7/26 16:40,0.0625,0.4375,-0.5
2025/7/26 16:45,0.1,0.4,-0.5
2025/7/26 16:50,-0.035714286,0.5,-0.464285714
2025/7/26 16:55,0.0625,0.4375,-0.5
2025/7/26 17:00,0.071428571,0.428571429,-0.5
2025/7/26 17:05,0,0.5,-0.5
2025/7/26 17:10,0,0.5,-0.5
2025/7/26 17:15,-0.033333333,0.5,-0.466666667
2025/7/26 17:20,0,0.5,-0.5
2025/7/26 17:25,0,0.5,-0.5
2025/7/26 17:30,0.125,0.375,-0.5
2025/7/26 17:35,-0.066666667,0.5,-0.433333333
2025/7/26 17:40,0,0.5,-0.5
2025/7/26 17:45,0,0.5,-0.5
2025/7/26 17:50,0.111111111,0.388888889,-0.5
2025/7/26 17:55,0,0.5,-0.5
2025/7/26 18:00,-0.038461538,0.5,-0.461538462
2025/7/26 18:05,0,0.5,-0.5
2025/7/26 18:10,-0.033333333,0.5,-0.466666667
2025/7/26 18:15,0,0.5,-0.5
2025/7/26 18:20,0.0625,0.4375,-0.5
2025/7/26 18:25,-0.033333333,0.5,-0.466666667
2025/7/26 18:30,-0.041666667,0.5,-0.458333333
2025/7/26 18:35,0,0.5,-0.5
2025/7/26 18:40,0.111111111,0.388888889,-0.5
2025/7/26 18:45,0.0625,0.4375,-0.5
2025/7/26 18:50,-0.035714286,0.5,-0.464285714
2025/7/26 18:55,0.071428571,0.428571429,-0.5
2025/7/26 19:00,0.083333333,0.416666667,-0.5
2025/7/26 19:05,0.111111111,0.388888889,-0.5
2025/7/26 19:10,-0.09375,0.5,-0.40625
2025/7/26 19:15,0.0625,0.4375,-0.5
2025/7/26 19:20,0.0625,0.4375,-0.5
2025/7/26 19:25,0.0625,0.4375,-0.5
2025/7/26 19:30,0.0625,0.4375,-0.5
2025/7/26 19:35,0,0.5,-0.5
2025/7/26 19:40,0.05,0.45,-0.5
2025/7/26 19:45,0.125,0.375,-0.5
2025/7/26 19:50,0.15,0.35,-0.5
2025/7/26 19:55,0.166666667,0.333333333,-0.5
2025/7/26 20:00,0.1,0.4,-0.5
2025/7/26 20:05,-0.045454545,0.5,-0.454545455
2025/7/26 20:10,0,0.5,-0.5
2025/7/26 20:15,0.0625,0.4375,-0.5
2025/7/26 20:20,-0.03125,0.5,-0.46875
2025/7/26 20:25,0.0625,0.4375,-0.5
2025/7/26 20:30,-0.03125,0.5,-0.46875
2025/7/26 20:35,-0.055555556,0.5,-0.444444444
2025/7/26 20:40,0,0.5,-0.5
2025/7/26 20:45,0,0.5,-0.5
2025/7/26 20:50,-0.035714286,0.5,-0.464285714
2025/7/26 20:55,0,0.5,-0.5
2025/7/26 21:00,0,0.5,-0.5
2025/7/26 21:05,0,0.5,-0.5
2025/7/26 21:10,0.055555556,0.444444444,-0.5
2025/7/26 21:15,-0.066666667,0.5,-0.433333333
2025/7/26 21:20,0,0.5,-0.5
2025/7/26 21:25,-0.033333333,0.5,-0.466666667
2025/7/26 21:30,0,0.5,-0.5
2025/7/26 21:35,0,0.5,-0.5
2025/7/26 21:40,0.055555556,0.444444444,-0.5
2025/7/26 21:45,0,0.5,-0.5
2025/7/26 21:50,-0.041666667,0.5,-0.458333333
2025/7/26 21:55,0,0.5,-0.5
2025/7/26 22:00,0.15,0.35,-0.5
2025/7/26 22:05,-0.038461538,0.5,-0.461538462
2025/7/26 22:10,0.05,0.45,-0.5
2025/7/26 22:15,0.071428571,0.428571429,-0.5
2025/7/26 22:20,-0.038461538,0.5,-0.461538462
2025/7/26 22:25,0.05,0.45,-0.5
2025/7/26 22:30,0.05,0.45,-0.5
2025/7/26 22:35,-0.09375,0.5,-0.40625
2025/7/26 22:40,-0.03125,0.5,-0.46875
2025/7/26 22:45,0,0.5,-0.5
2025/7/26 22:50,0,0.5,-0.5
2025/7/26 22:55,0,0.5,-0.5
2025/7/26 23:00,-0.033333333,0.5,-0.466666667
2025/7/26 23:05,0,0.5,-0.5
2025/7/26 23:10,0,0.5,-0.5
2025/7/26 23:15,0,0.5,-0.5
2025/7/26 23:20,-0.035714286,0.5,-0.464285714
2025/7/26 23:25,0.0625,0.4375,-0.5
2025/7/26 23:30,0,0.5,-0.5
2025/7/26 23:35,0,0.5,-0.5
2025/7/26 23:40,0.125,0.375,-0.5
2025/7/26 23:45,0.071428571,0.428571429,-0.5
2025/7/26 23:50,0.1,0.4,-0.5
2025/7/26 23:55,0,0.5,-0.5
2025/7/27 0:00,0.142857143,0.357142857,-0.5
2025/7/27 0:05,-0.0625,0.5,-0.4375
2025/7/27 0:10,-0.035714286,0.5,-0.464285714
2025/7/27 0:15,0,0.5,-0.5
2025/7/27 0:20,-0.038461538,0.5,-0.461538462
2025/7/27 0:25,-0.035714286,0.5,-0.464285714
2025/7/27 0:30,0,0.5,-0.5
2025/7/27 0:35,-0.0625,0.5,-0.4375
2025/7/27 0:40,0,0.5,-0.5
2025/7/27 0:45,0,0.5,-0.5
2025/7/27 0:50,-0.038461538,0.5,-0.461538462
2025/7/27 0:55,0,0.5,-0.5
2025/7/27 1:00,0.05,0.45,-0.5
2025/7/27 1:05,0.166666667,0.333333333,-0.5
2025/7/27 1:10,0.090909091,0.409090909,-0.5
2025/7/27 1:15,0.1,0.4,-0.5
2025/7/27 1:20,0.125,0.375,-0.5
2025/7/27 1:25,0.111111111,0.388888889,-0.5
2025/7/27 1:30,0.125,0.375,-0.5
2025/7/27 1:35,0.055555556,0.444444444,-0.5
2025/7/27 1:40,0.15,0.35,-0.5
2025/7/27 1:45,0,0.5,-0.5
2025/7/27 1:50,0.083333333,0.416666667,-0.5
2025/7/27 1:55,0,0.5,-0.5
2025/7/27 2:00,0.071428571,0.428571429,-0.5
2025/7/27 2:05,-0.038461538,0.5,-0.461538462
2025/7/27 2:10,0.045454545,0.454545455,-0.5
2025/7/27 2:15,-0.041666667,0.5,-0.458333333
2025/7/27 2:20,0,0.5,-0.5
2025/7/27 2:25,0,0.5,-0.5
2025/7/27 2:30,0.071428571,0.428571429,-0.5
2025/7/27 2:35,0.05,0.45,-0.5
2025/7/27 2:40,0,0.5,-0.5
2025/7/27 2:45,-0.038461538,0.5,-0.461538462
2025/7/27 2:50,0.055555556,0.444444444,-0.5
2025/7/27 2:55,0.083333333,0.416666667,-0.5
2025/7/27 3:00,0.111111111,0.388888889,-0.5
2025/7/27 3:05,-0.038461538,0.5,-0.461538462
2025/7/27 3:10,-0.038461538,0.5,-0.461538462
2025/7/27 3:15,0.045454545,0.454545455,-0.5
2025/7/27 3:20,0,0.5,-0.5
2025/7/27 3:25,0,0.5,-0.5
2025/7/27 3:30,-0.033333333,0.5,-0.466666667
2025/7/27 3:35,0,0.5,-0.5
2025/7/27 3:40,0.125,0.375,-0.5
2025/7/27 3:45,-0.038461538,0.5,-0.461538462
2025/7/27 3:50,0,0.5,-0.5
2025/7/27 3:55,0,0.5,-0.5
2025/7/27 4:00,0,0.5,-0.5
2025/7/27 4:05,0,0.5,-0.5
2025/7/27 4:10,0.055555556,0.444444444,-0.5
2025/7/27 4:15,0,0.5,-0.5
2025/7/27 4:20,0.055555556,0.444444444,-0.5
2025/7/27 4:25,0.045454545,0.454545455,-0.5
2025/7/27 4:30,-0.041666667,0.5,-0.458333333
2025/7/27 4:35,0,0.5,-0.5
2025/7/27 4:40,0.090909091,0.409090909,-0.5
2025/7/27 4:45,0.111111111,0.388888889,-0.5
2025/7/27 4:50,0,0.5,-0.5
2025/7/27 4:55,0,0.5,-0.5
2025/7/27 5:00,0,0.5,-0.5
2025/7/27 5:05,0.0625,0.4375,-0.5
2025/7/27 5:10,0.083333333,0.416666667,-0.5
2025/7/27 5:15,0.055555556,0.444444444,-0.5
2025/7/27 5:20,0,0.5,-0.5
2025/7/27 5:25,0.0625,0.4375,-0.5
2025/7/27 5:30,0.111111111,0.388888889,-0.5
2025/7/27 5:35,0.1,0.4,-0.5
2025/7/27 5:40,0.090909091,0.409090909,-0.5
2025/7/27 5:45,0.0625,0.4375,-0.5
2025/7/27 5:50,-0.038461538,0.5,-0.461538462
2025/7/27 5:55,-0.041666667,0.5,-0.458333333
2025/7/27 6:00,0,0.5,-0.5
2025/7/27 6:05,0.090909091,0.409090909,-0.5
2025/7/27 6:10,0.090909091,0.409090909,-0.5
2025/7/27 6:15,-0.066666667,0.5,-0.433333333
2025/7/27 6:20,0,0.5,-0.5
2025/7/27 6:25,0.0625,0.4375,-0.5
2025/7/27 6:30,-0.038461538,0.5,-0.461538462
2025/7/27 6:35,0,0.5,-0.5
2025/7/27 6:40,0.055555556,0.444444444,-0.5
2025/7/27 6:45,-0.041666667,0.5,-0.458333333
2025/7/27 6:50,-0.035714286,0.5,-0.464285714
2025/7/27 6:55,-0.041666667,0.5,-0.458333333
2025/7/27 7:00,0,0.5,-0.5
2025/7/27 7:05,0,0.5,-0.5
2025/7/27 7:10,-0.033333333,0.5,-0.466666667
2025/7/27 7:15,0.071428571,0.428571429,-0.5
2025/7/27 7:20,0.083333333,0.416666667,-0.5
2025/7/27 7:25,0,0.5,-0.5
2025/7/27 7:30,-0.076923077,0.5,-0.423076923
2025/7/27 7:35,-0.038461538,0.5,-0.461538462
2025/7/27 7:40,0,0.5,-0.5
2025/7/27 7:45,-0.083333333,0.5,-0.416666667
2025/7/27 7:50,0,0.5,-0.5
2025/7/27 7:55,0,0.5,-0.5
2025/7/27 8:00,0,0.5,-0.5
2025/7/27 8:05,0,0.5,-0.5
2025/7/27 8:10,-0.035714286,0.5,-0.464285714
2025/7/27 8:15,0.111111111,0.388888889,-0.5
2025/7/27 8:20,0,0.5,-0.5
2025/7/27 8:25,-0.035714286,0.5,-0.464285714
2025/7/27 8:30,-0.033333333,0.5,-0.466666667
2025/7/27 8:35,0.071428571,0.428571429,-0.5
2025/7/27 8:40,-0.066666667,0.5,-0.433333333
2025/7/27 8:45,0.071428571,0.428571429,-0.5
2025/7/27 8:50,0,0.5,-0.5
2025/7/27 8:55,-0.071428571,0.5,-0.428571429
2025/7/27 9:00,-0.033333333,0.5,-0.466666667
2025/7/27 9:05,0,0.5,-0.5
2025/7/27 9:10,0,0.5,-0.5
2025/7/27 9:15,-0.066666667,0.5,-0.433333333
2025/7/27 9:20,0.0625,0.4375,-0.5
2025/7/27 9:25,0.083333333,0.416666667,-0.5
2025/7/27 9:30,0,0.5,-0.5
2025/7/27 9:35,0.0625,0.4375,-0.5
2025/7/27 9:40,-0.035714286,0.5,-0.464285714
2025/7/27 9:45,0,0.5,-0.5
2025/7/27 9:50,0,0.5,-0.5
2025/7/27 9:55,0,0.5,-0.5
2025/7/27 10:00,-0.033333333,0.5,-0.466666667
2025/7/27 10:05,0.125,0.375,-0.5
2025/7/27 10:10,0.125,0.375,-0.5
2025/7/27 10:15,0.055555556,0.444444444,-0.5
2025/7/27 10:20,0.055555556,0.444444444,-0.5
2025/7/27 10:25,0.083333333,0.416666667,-0.5
2025/7/27 10:30,0.055555556,0.444444444,-0.5
2025/7/27 10:35,0.111111111,0.388888889,-0.5
2025/7/27 10:40,0.125,0.375,-0.5
2025/7/27 10:45,0,0.5,-0.5
2025/7/27 10:50,0.055555556,0.444444444,-0.5
2025/7/27 10:55,-0.038461538,0.5,-0.461538462
2025/7/27 11:00,0,0.5,-0.5
2025/7/27 11:05,0.045454545,0.454545455,-0.5
2025/7/27 11:10,0.15,0.35,-0.5
2025/7/27 11:15,0.15,0.35,-0.5
2025/7/27 11:20,0,0.5,-0.5
2025/7/27 11:25,0.05,0.45,-0.5
2025/7/27 11:30,-0.041666667,0.5,-0.458333333
2025/7/27 11:35,0.041666667,0.458333333,-0.5
2025/7/27 11:40,0.0625,0.4375,-0.5
2025/7/27 11:45,0,0.5,-0.5
2025/7/27 11:50,-0.038461538,0.5,-0.461538462
2025/7/27 11:55,-0.041666667,0.5,-0.458333333
2025/7/27 12:00,0,0.5,-0.5
2025/7/27 12:05,0.0625,0.4375,-0.5
2025/7/27 12:10,0.055555556,0.444444444,-0.5
2025/7/27 12:15,0.111111111,0.388888889,-0.5
2025/7/27 12:20,0,0.5,-0.5
2025/7/27 12:25,0,0.5,-0.5
2025/7/27 12:30,-0.033333333,0.5,-0.466666667
2025/7/27 12:35,0,0.5,-0.5
2025/7/27 12:40,0.055555556,0.444444444,-0.5
2025/7/27 12:45,0.071428571,0.428571429,-0.5
2025/7/27 12:50,-0.038461538,0.5,-0.461538462
2025/7/27 12:55,0.05,0.45,-0.5
2025/7/27 13:00,0,0.5,-0.5
2025/7/27 13:05,0.055555556,0.444444444,-0.5
2025/7/27 13:10,0,0.5,-0.5
2025/7/27 13:15,0.071428571,0.428571429,-0.5
2025/7/27 13:20,0,0.5,-0.5
2025/7/27 13:25,-0.035714286,0.5,-0.464285714
2025/7/27 13:30,0.055555556,0.444444444,-0.5
2025/7/27 13:35,0,0.5,-0.5
2025/7/27 13:40,0.0625,0.4375,-0.5
2025/7/27 13:45,0.1,0.4,-0.5
2025/7/27 13:50,0,0.5,-0.5
2025/7/27 13:55,0,0.5,-0.5
2025/7/27 14:00,-0.038461538,0.5,-0.461538462
2025/7/27 14:05,0.071428571,0.428571429,-0.5
2025/7/27 14:10,0.142857143,0.357142857,-0.5
2025/7/27 14:15,0.071428571,0.428571429,-0.5
2025/7/27 14:20,0,0.5,-0.5
2025/7/27 14:25,0,0.5,-0.5
2025/7/27 14:30,0.0625,0.4375,-0.5
2025/7/27 14:35,0.071428571,0.428571429,-0.5
2025/7/27 14:40,0.111111111,0.388888889,-0.5
2025/7/27 14:45,-0.035714286,0.5,-0.464285714
2025/7/27 14:50,0.125,0.375,-0.5
2025/7/27 14:55,0,0.5,-0.5
2025/7/27 15:00,0.166666667,0.333333333,-0.5
2025/7/27 15:05,0.05,0.45,-0.5
2025/7/27 15:10,0,0.5,-0.5
2025/7/27 15:15,-0.038461538,0.5,-0.461538462
2025/7/27 15:20,0.071428571,0.428571429,-0.5
2025/7/27 15:25,0.136363636,0.363636364,-0.5
2025/7/27 15:30,0.0625,0.4375,-0.5
2025/7/27 15:35,-0.038461538,0.5,-0.461538462
2025/7/27 15:40,0,0.5,-0.5
2025/7/27 15:45,0,0.5,-0.5
2025/7/27 15:50,0,0.5,-0.5
2025/7/27 15:55,0,0.5,-0.5
2025/7/27 16:00,0.05,0.45,-0.5
2025/7/27 16:05,0.083333333,0.416666667,-0.5
2025/7/27 16:10,-0.038461538,0.5,-0.461538462
2025/7/27 16:15,0.1,0.4,-0.5
2025/7/27 16:20,0.05,0.45,-0.5
2025/7/27 16:25,0.05,0.45,-0.5
2025/7/27 16:30,0.111111111,0.388888889,-0.5
2025/7/27 16:35,0.1,0.4,-0.5
2025/7/27 16:40,0,0.5,-0.5
2025/7/27 16:45,0.1,0.4,-0.5
2025/7/27 16:50,0,0.5,-0.5
2025/7/27 16:55,-0.045454545,0.5,-0.454545455
2025/7/27 17:00,-0.071428571,0.5,-0.428571429
2025/7/27 17:05,-0.035714286,0.5,-0.464285714
2025/7/27 17:10,0,0.5,-0.5
2025/7/27 17:15,-0.033333333,0.5,-0.466666667
2025/7/27 17:20,-0.03125,0.5,-0.46875
2025/7/27 17:25,-0.035714286,0.5,-0.464285714
2025/7/27 17:30,0,0.5,-0.5
2025/7/27 17:35,0.1,0.4,-0.5
2025/7/27 17:40,0,0.5,-0.5
2025/7/27 17:45,0.0625,0.4375,-0.5
2025/7/27 17:50,0,0.5,-0.5
2025/7/27 17:55,0.090909091,0.409090909,-0.5
2025/7/27 18:00,0,0.5,-0.5
2025/7/27 18:05,0.125,0.375,-0.5
2025/7/27 18:10,0.055555556,0.444444444,-0.5
2025/7/27 18:15,0.083333333,0.416666667,-0.5
2025/7/27 18:20,0.071428571,0.428571429,-0.5
2025/7/27 18:25,-0.03125,0.5,-0.46875
2025/7/27 18:30,0.0625,0.4375,-0.5
2025/7/27 18:35,-0.038461538,0.5,-0.461538462
2025/7/27 18:40,0,0.5,-0.5
2025/7/27 18:45,0.045454545,0.454545455,-0.5
2025/7/27 18:50,0.0625,0.4375,-0.5
2025/7/27 18:55,0,0.5,-0.5
2025/7/27 19:00,-0.038461538,0.5,-0.461538462
2025/7/27 19:05,0,0.5,-0.5
2025/7/27 19:10,0.055555556,0.444444444,-0.5
2025/7/27 19:15,0.05,0.45,-0.5
2025/7/27 19:20,0.125,0.375,-0.5
2025/7/27 19:25,0,0.5,-0.5
2025/7/27 19:30,-0.1,0.5,-0.4
2025/7/27 19:35,0.055555556,0.444444444,-0.5
2025/7/27 19:40,0.0625,0.4375,-0.5
2025/7/27 19:45,-0.038461538,0.5,-0.461538462
2025/7/27 19:50,-0.038461538,0.5,-0.461538462
2025/7/27 19:55,-0.041666667,0.5,-0.458333333
2025/7/27 20:00,-0.035714286,0.5,-0.464285714
2025/7/27 20:05,0,0.5,-0.5
2025/7/27 20:10,0.055555556,0.444444444,-0.5
2025/7/27 20:15,0.0625,0.4375,-0.5
2025/7/27 20:20,0.071428571,0.428571429,-0.5
2025/7/27 20:25,0,0.5,-0.5
2025/7/27 20:30,-0.045454545,0.5,-0.454545455
2025/7/27 20:35,-0.038461538,0.5,-0.461538462
2025/7/27 20:40,0,0.5,-0.5
2025/7/27 20:45,0,0.5,-0.5
2025/7/27 20:50,-0.071428571,0.5,-0.428571429
2025/7/27 20:55,0.083333333,0.416666667,-0.5
2025/7/27 21:00,-0.041666667,0.5,-0.458333333
2025/7/27 21:05,0.083333333,0.416666667,-0.5
2025/7/27 21:10,0,0.5,-0.5
2025/7/27 21:15,0.071428571,0.428571429,-0.5
2025/7/27 21:20,-0.033333333,0.5,-0.466666667
2025/7/27 21:25,-0.035714286,0.5,-0.464285714
2025/7/27 21:30,0.125,0.375,-0.5
2025/7/27 21:35,-0.035714286,0.5,-0.464285714
2025/7/27 21:40,-0.035714286,0.5,-0.464285714
2025/7/27 21:45,0,0.5,-0.5
2025/7/27 21:50,0.05,0.45,-0.5
2025/7/27 21:55,0.055555556,0.444444444,-0.5
2025/7/27 22:00,0.0625,0.4375,-0.5
2025/7/27 22:05,0.1,0.4,-0.5
2025/7/27 22:10,0.125,0.375,-0.5
2025/7/27 22:15,0.083333333,0.416666667,-0.5
2025/7/27 22:20,0.115384615,0.384615385,-0.5
2025/7/27 22:25,0.125,0.375,-0.5
2025/7/27 22:30,0.136363636,0.363636364,-0.5
2025/7/27 22:35,0.055555556,0.444444444,-0.5
2025/7/27 22:40,0.055555556,0.444444444,-0.5
2025/7/27 22:45,0,0.5,-0.5
2025/7/27 22:50,0.1,0.4,-0.5
2025/7/27 22:55,0,0.5,-0.5
2025/7/27 23:00,0.083333333,0.416666667,-0.5
2025/7/27 23:05,-0.045454545,0.5,-0.454545455
2025/7/27 23:10,-0.033333333,0.5,-0.466666667
2025/7/27 23:15,0,0.5,-0.5
2025/7/27 23:20,-0.035714286,0.5,-0.464285714
2025/7/27 23:25,0.055555556,0.444444444,-0.5
2025/7/27 23:30,-0.035714286,0.5,-0.464285714
2025/7/27 23:35,0,0.5,-0.5
2025/7/27 23:40,0,0.5,-0.5
2025/7/27 23:45,0,0.5,-0.5
2025/7/27 23:50,-0.033333333,0.5,-0.466666667
2025/7/27 23:55,0,0.5,-0.5
2025/7/28 0:00,0.055555556,0.444444444,-0.5
2025/7/28 0:05,0.05,0.45,-0.5
2025/7/28 0:10,0,0.5,-0.5
2025/7/28 0:15,0.090909091,0.409090909,-0.5
2025/7/28 0:20,0.0625,0.4375,-0.5
2025/7/28 0:25,0,0.5,-0.5
2025/7/28 0:30,0.111111111,0.388888889,-0.5
2025/7/28 0:35,0,0.5,-0.5
2025/7/28 0:40,-0.071428571,0.5,-0.428571429
2025/7/28 0:45,-0.035714286,0.5,-0.464285714
2025/7/28 0:50,0,0.5,-0.5
2025/7/28 0:55,-0.035714286,0.5,-0.464285714
2025/7/28 1:00,-0.066666667,0.5,-0.433333333
2025/7/28 1:05,-0.066666667,0.5,-0.433333333
2025/7/28 1:10,-0.035714286,0.5,-0.464285714
2025/7/28 1:15,0,0.5,-0.5
2025/7/28 1:20,0,0.5,-0.5
2025/7/28 1:25,0,0.5,-0.5
2025/7/28 1:30,0.1,0.4,-0.5
2025/7/28 1:35,-0.035714286,0.5,-0.464285714
2025/7/28 1:40,0,0.5,-0.5
2025/7/28 1:45,-0.03125,0.5,-0.46875
2025/7/28 1:50,-0.071428571,0.5,-0.428571429
2025/7/28 1:55,-0.038461538,0.5,-0.461538462
2025/7/28 2:00,-0.107142857,0.5,-0.392857143
2025/7/28 2:05,-0.0625,0.5,-0.4375
2025/7/28 2:10,0.071428571,0.428571429,-0.5
2025/7/28 2:15,-0.045454545,0.5,-0.454545455
2025/7/28 2:20,-0.071428571,0.5,-0.428571429
2025/7/28 2:25,0,0.5,-0.5
2025/7/28 2:30,0.05,0.45,-0.5
2025/7/28 2:35,0.05,0.45,-0.5
2025/7/28 2:40,-0.038461538,0.5,-0.461538462
2025/7/28 2:45,0.05,0.45,-0.5
2025/7/28 2:50,-0.033333333,0.5,-0.466666667
2025/7/28 2:55,0.045454545,0.454545455,-0.5
2025/7/28 3:00,0.111111111,0.388888889,-0.5
2025/7/28 3:05,0.05,0.45,-0.5
2025/7/28 3:10,0.038461538,0.461538462,-0.5
2025/7/28 3:15,-0.029411765,0.5,-0.470588235
2025/7/28 3:20,0.083333333,0.416666667,-0.5
2025/7/28 3:25,-0.033333333,0.5,-0.466666667
2025/7/28 3:30,0,0.5,-0.5
2025/7/28 3:35,-0.038461538,0.5,-0.461538462
2025/7/28 3:40,0.1,0.4,-0.5
2025/7/28 3:45,-0.035714286,0.5,-0.464285714
2025/7/28 3:50,-0.038461538,0.5,-0.461538462
2025/7/28 3:55,-0.03125,0.5,-0.46875
2025/7/28 4:00,0.045454545,0.454545455,-0.5
2025/7/28 4:05,0.1,0.4,-0.5
2025/7/28 4:10,0,0.5,-0.5
2025/7/28 4:15,0,0.5,-0.5
2025/7/28 4:20,0,0.5,-0.5
2025/7/28 4:25,0,0.5,-0.5
2025/7/28 4:30,0.090909091,0.409090909,-0.5
2025/7/28 4:35,0,0.5,-0.5
2025/7/28 4:40,0,0.5,-0.5
2025/7/28 4:45,0,0.5,-0.5
2025/7/28 4:50,-0.03125,0.5,-0.46875
2025/7/28 4:55,0,0.5,-0.5
2025/7/28 5:00,0,0.5,-0.5
2025/7/28 5:05,0.111111111,0.388888889,-0.5
2025/7/28 5:10,0,0.5,-0.5
2025/7/28 5:15,0.125,0.375,-0.5
2025/7/28 5:20,0,0.5,-0.5
2025/7/28 5:25,0,0.5,-0.5
2025/7/28 5:30,0.05,0.45,-0.5
2025/7/28 5:35,0,0.5,-0.5
2025/7/28 5:40,0.1,0.4,-0.5
2025/7/28 5:45,0.111111111,0.388888889,-0.5
2025/7/28 5:50,-0.038461538,0.5,-0.461538462
2025/7/28 5:55,0.071428571,0.428571429,-0.5
2025/7/28 6:00,0.055555556,0.444444444,-0.5
2025/7/28 6:05,0.045454545,0.454545455,-0.5
2025/7/28 6:10,0.090909091,0.409090909,-0.5
2025/7/28 6:15,-0.035714286,0.5,-0.464285714
2025/7/28 6:20,0.055555556,0.444444444,-0.5
2025/7/28 6:25,0.05,0.45,-0.5
2025/7/28 6:30,-0.035714286,0.5,-0.464285714
2025/7/28 6:35,0.111111111,0.388888889,-0.5
2025/7/28 6:40,0.041666667,0.458333333,-0.5
2025/7/28 6:45,0.045454545,0.454545455,-0.5
2025/7/28 6:50,-0.035714286,0.5,-0.464285714
2025/7/28 6:55,0,0.5,-0.5
2025/7/28 7:00,0.0625,0.4375,-0.5
2025/7/28 7:05,-0.083333333,0.5,-0.416666667
2025/7/28 7:10,-0.038461538,0.5,-0.461538462
2025/7/28 7:15,-0.0625,0.5,-0.4375
2025/7/28 7:20,0,0.5,-0.5
2025/7/28 7:25,-0.035714286,0.5,-0.464285714
2025/7/28 7:30,-0.035714286,0.5,-0.464285714
2025/7/28 7:35,0,0.5,-0.5
2025/7/28 7:40,-0.033333333,0.5,-0.466666667
2025/7/28 7:45,0,0.5,-0.5
2025/7/28 7:50,0.083333333,0.416666667,-0.5
2025/7/28 7:55,0.1,0.4,-0.5
2025/7/28 8:00,0.055555556,0.444444444,-0.5
2025/7/28 8:05,-0.076923077,0.5,-0.423076923
2025/7/28 8:10,-0.035714286,0.5,-0.464285714
2025/7/28 8:15,0,0.5,-0.5
2025/7/28 8:20,-0.071428571,0.5,-0.428571429
2025/7/28 8:25,0,0.5,-0.5
2025/7/28 8:30,0,0.5,-0.5
2025/7/28 8:35,0,0.5,-0.5
2025/7/28 8:40,-0.0625,0.5,-0.4375
2025/7/28 8:45,0.111111111,0.388888889,-0.5
2025/7/28 8:50,0.083333333,0.416666667,-0.5
2025/7/28 8:55,0.055555556,0.444444444,-0.5
2025/7/28 9:00,0,0.5,-0.5
2025/7/28 9:05,-0.035714286,0.5,-0.464285714
2025/7/28 9:10,0.055555556,0.444444444,-0.5
2025/7/28 9:15,-0.045454545,0.5,-0.454545455
2025/7/28 9:20,0,0.5,-0.5
2025/7/28 9:25,0.083333333,0.416666667,-0.5
2025/7/28 9:30,-0.033333333,0.5,-0.466666667
2025/7/28 9:35,0,0.5,-0.5
2025/7/28 9:40,0.0625,0.4375,-0.5
2025/7/28 9:45,0.0625,0.4375,-0.5
2025/7/28 9:50,-0.033333333,0.5,-0.466666667
2025/7/28 9:55,0.071428571,0.428571429,-0.5
2025/7/28 10:00,0.1,0.4,-0.5
2025/7/28 10:05,0.055555556,0.444444444,-0.5
2025/7/28 10:10,-0.071428571,0.5,-0.428571429
2025/7/28 10:15,-0.038461538,0.5,-0.461538462
2025/7/28 10:20,-0.038461538,0.5,-0.461538462
2025/7/28 10:25,0.1,0.4,-0.5
2025/7/28 10:30,0.125,0.375,-0.5
2025/7/28 10:35,0,0.5,-0.5
2025/7/28 10:40,0.071428571,0.428571429,-0.5
2025/7/28 10:45,-0.076923077,0.5,-0.423076923
2025/7/28 10:50,-0.038461538,0.5,-0.461538462
2025/7/28 10:55,0.071428571,0.428571429,-0.5
2025/7/28 11:00,-0.035714286,0.5,-0.464285714
2025/7/28 11:05,0,0.5,-0.5
2025/7/28 11:10,-0.0625,0.5,-0.4375
2025/7/28 11:15,-0.038461538,0.5,-0.461538462
2025/7/28 11:20,0,0.5,-0.5
2025/7/28 11:25,0.0625,0.4375,-0.5
2025/7/28 11:30,-0.058823529,0.5,-0.441176471
2025/7/28 11:35,0.071428571,0.428571429,-0.5
2025/7/28 11:40,-0.038461538,0.5,-0.461538462
2025/7/28 11:45,0.055555556,0.444444444,-0.5
2025/7/28 11:50,-0.071428571,0.5,-0.428571429
2025/7/28 11:55,0,0.5,-0.5
2025/7/28 12:00,-0.035714286,0.5,-0.464285714
2025/7/28 12:05,-0.035714286,0.5,-0.464285714
2025/7/28 12:10,0.166666667,0.333333333,-0.5
2025/7/28 12:15,0.071428571,0.428571429,-0.5
2025/7/28 12:20,-0.066666667,0.5,-0.433333333
2025/7/28 12:25,0,0.5,-0.5
2025/7/28 12:30,0,0.5,-0.5
2025/7/28 12:35,0,0.5,-0.5
2025/7/28 12:40,0.111111111,0.388888889,-0.5
2025/7/28 12:45,0.1,0.4,-0.5
2025/7/28 12:50,0.045454545,0.454545455,-0.5
2025/7/28 12:55,0.05,0.45,-0.5
2025/7/28 13:00,-0.035714286,0.5,-0.464285714
2025/7/28 13:05,0,0.5,-0.5
2025/7/28 13:10,-0.033333333,0.5,-0.466666667
2025/7/28 13:15,0.055555556,0.444444444,-0.5
2025/7/28 13:20,-0.035714286,0.5,-0.464285714
2025/7/28 13:25,0,0.5,-0.5
2025/7/28 13:30,0.045454545,0.454545455,-0.5
2025/7/28 13:35,-0.033333333,0.5,-0.466666667
2025/7/28 13:40,-0.033333333,0.5,-0.466666667
2025/7/28 13:45,0,0.5,-0.5
2025/7/28 13:50,-0.03125,0.5,-0.46875
2025/7/28 13:55,-0.0625,0.5,-0.4375
2025/7/28 14:00,-0.035714286,0.5,-0.464285714
2025/7/28 14:05,0,0.5,-0.5
2025/7/28 14:10,0.111111111,0.388888889,-0.5
2025/7/28 14:15,-0.038461538,0.5,-0.461538462
2025/7/28 14:20,0.136363636,0.363636364,-0.5
2025/7/28 14:25,0,0.5,-0.5
2025/7/28 14:30,0.071428571,0.428571429,-0.5
2025/7/28 14:35,0.125,0.375,-0.5
2025/7/28 14:40,0.055555556,0.444444444,-0.5
2025/7/28 14:45,0.055555556,0.444444444,-0.5
2025/7/28 14:50,0.0625,0.4375,-0.5
2025/7/28 14:55,-0.035714286,0.5,-0.464285714
2025/7/28 15:00,0,0.5,-0.5
2025/7/28 15:05,-0.035714286,0.5,-0.464285714
2025/7/28 15:10,0,0.5,-0.5
2025/7/28 15:15,0.111111111,0.388888889,-0.5
2025/7/28 15:20,0.125,0.375,-0.5
2025/7/28 15:25,0,0.5,-0.5
2025/7/28 15:30,0.071428571,0.428571429,-0.5
2025/7/28 15:35,0.071428571,0.428571429,-0.5
2025/7/28 15:40,0,0.5,-0.5
2025/7/28 15:45,0.0625,0.4375,-0.5
2025/7/28 15:50,0.0625,0.4375,-0.5
2025/7/28 15:55,-0.027777778,0.5,-0.472222222
2025/7/28 16:00,0.05,0.45,-0.5
2025/7/28 16:05,-0.033333333,0.5,-0.466666667
2025/7/28 16:10,-0.029411765,0.5,-0.470588235
2025/7/28 16:15,-0.035714286,0.5,-0.464285714
2025/7/28 16:20,0.1,0.4,-0.5
2025/7/28 16:25,0.055555556,0.444444444,-0.5
2025/7/28 16:30,0.090909091,0.409090909,-0.5
2025/7/28 16:35,0.15,0.35,-0.5
2025/7/28 16:40,0.111111111,0.388888889,-0.5
2025/7/28 16:45,0,0.5,-0.5
2025/7/28 16:50,0.05,0.45,-0.5
2025/7/28 16:55,-0.03125,0.5,-0.46875
2025/7/28 17:00,0.071428571,0.428571429,-0.5
2025/7/28 17:05,0,0.5,-0.5
2025/7/28 17:10,-0.033333333,0.5,-0.466666667
2025/7/28 17:15,0,0.5,-0.5
2025/7/28 17:20,0.1,0.4,-0.5
2025/7/28 17:25,0.090909091,0.409090909,-0.5
2025/7/28 17:30,-0.03125,0.5,-0.46875
2025/7/28 17:35,0.05,0.45,-0.5
2025/7/28 17:40,0.055555556,0.444444444,-0.5
2025/7/28 17:45,-0.03125,0.5,-0.46875
2025/7/28 17:50,0.055555556,0.444444444,-0.5
2025/7/28 17:55,-0.033333333,0.5,-0.466666667
2025/7/28 18:00,0.055555556,0.444444444,-0.5
2025/7/28 18:05,0,0.5,-0.5
2025/7/28 18:10,0,0.5,-0.5
2025/7/28 18:15,0.055555556,0.444444444,-0.5
2025/7/28 18:20,-0.033333333,0.5,-0.466666667
2025/7/28 18:25,0,0.5,-0.5
2025/7/28 18:30,0.05,0.45,-0.5
2025/7/28 18:35,0,0.5,-0.5
2025/7/28 18:40,0.045454545,0.454545455,-0.5
2025/7/28 18:45,0.0625,0.4375,-0.5
2025/7/28 18:50,0.055555556,0.444444444,-0.5
2025/7/28 18:55,0.15,0.35,-0.5
2025/7/28 19:00,-0.038461538,0.5,-0.461538462
2025/7/28 19:05,0,0.5,-0.5
2025/7/28 19:10,0.055555556,0.444444444,-0.5
2025/7/28 19:15,0.136363636,0.363636364,-0.5
2025/7/28 19:20,0,0.5,-0.5
2025/7/28 19:25,0,0.5,-0.5
2025/7/28 19:30,0.1,0.4,-0.5
2025/7/28 19:35,0,0.5,-0.5
2025/7/28 19:40,0.090909091,0.409090909,-0.5
2025/7/28 19:45,0,0.5,-0.5
2025/7/28 19:50,0,0.5,-0.5
2025/7/28 19:55,0,0.5,-0.5
2025/7/28 20:00,0.090909091,0.409090909,-0.5
2025/7/28 20:05,0.055555556,0.444444444,-0.5
2025/7/28 20:10,0.1,0.4,-0.5
2025/7/28 20:15,-0.035714286,0.5,-0.464285714
2025/7/28 20:20,0,0.5,-0.5
2025/7/28 20:25,-0.033333333,0.5,-0.466666667
2025/7/28 20:30,0.0625,0.4375,-0.5
2025/7/28 20:35,-0.035714286,0.5,-0.464285714
2025/7/28 20:40,0,0.5,-0.5
2025/7/28 20:45,0,0.5,-0.5
2025/7/28 20:50,-0.035714286,0.5,-0.464285714
2025/7/28 20:55,0,0.5,-0.5
2025/7/28 21:00,0.05,0.45,-0.5
2025/7/28 21:05,0,0.5,-0.5
2025/7/28 21:10,0.05,0.45,-0.5
2025/7/28 21:15,0,0.5,-0.5
2025/7/28 21:20,0.090909091,0.409090909,-0.5
2025/7/28 21:25,0.055555556,0.444444444,-0.5
2025/7/28 21:30,0,0.5,-0.5
2025/7/28 21:35,0.05,0.45,-0.5
2025/7/28 21:40,0.0625,0.4375,-0.5
2025/7/28 21:45,0.115384615,0.384615385,-0.5
2025/7/28 21:50,0.136363636,0.363636364,-0.5
2025/7/28 21:55,-0.0625,0.5,-0.4375
2025/7/28 22:00,0,0.5,-0.5
2025/7/28 22:05,0.0625,0.4375,-0.5
2025/7/28 22:10,0.05,0.45,-0.5
2025/7/28 22:15,0,0.5,-0.5
2025/7/28 22:20,0.111111111,0.388888889,-0.5
2025/7/28 22:25,-0.03125,0.5,-0.46875
2025/7/28 22:30,-0.066666667,0.5,-0.433333333
2025/7/28 22:35,0.071428571,0.428571429,-0.5
2025/7/28 22:40,0,0.5,-0.5
2025/7/28 22:45,0,0.5,-0.5
2025/7/28 22:50,-0.066666667,0.5,-0.433333333
2025/7/28 22:55,-0.03125,0.5,-0.46875
2025/7/28 23:00,0,0.5,-0.5
2025/7/28 23:05,0.071428571,0.428571429,-0.5
2025/7/28 23:10,-0.035714286,0.5,-0.464285714
2025/7/28 23:15,0,0.5,-0.5
2025/7/28 23:20,0,0.5,-0.5
2025/7/28 23:25,0.0625,0.4375,-0.5
2025/7/28 23:30,0.15,0.35,-0.5
2025/7/28 23:35,-0.083333333,0.5,-0.416666667
2025/7/28 23:40,-0.038461538,0.5,-0.461538462
2025/7/28 23:45,0,0.5,-0.5
2025/7/28 23:50,0.083333333,0.416666667,-0.5
2025/7/28 23:55,0,0.5,-0.5
2025/7/29 0:00,-0.076923077,0.5,-0.423076923
2025/7/29 0:05,0.055555556,0.444444444,-0.5
2025/7/29 0:10,0.05,0.45,-0.5
2025/7/29 0:15,0.1,0.4,-0.5
2025/7/29 0:20,0.125,0.375,-0.5
2025/7/29 0:25,0,0.5,-0.5
2025/7/29 0:30,0.1,0.4,-0.5
2025/7/29 0:35,-0.03125,0.5,-0.46875
2025/7/29 0:40,-0.029411765,0.5,-0.470588235
2025/7/29 0:45,0,0.5,-0.5
2025/7/29 0:50,-0.09375,0.5,-0.40625
2025/7/29 0:55,-0.0625,0.5,-0.4375
2025/7/29 1:00,-0.033333333,0.5,-0.466666667
2025/7/29 1:05,0,0.5,-0.5
2025/7/29 1:10,-0.038461538,0.5,-0.461538462
2025/7/29 1:15,0.1,0.4,-0.5
2025/7/29 1:20,0,0.5,-0.5
2025/7/29 1:25,0.05,0.45,-0.5
2025/7/29 1:30,0,0.5,-0.5
2025/7/29 1:35,-0.035714286,0.5,-0.464285714
2025/7/29 1:40,0,0.5,-0.5
2025/7/29 1:45,0,0.5,-0.5
2025/7/29 1:50,-0.033333333,0.5,-0.466666667
2025/7/29 1:55,-0.03125,0.5,-0.46875
2025/7/29 2:00,0,0.5,-0.5
2025/7/29 2:05,-0.029411765,0.5,-0.470588235
2025/7/29 2:10,0,0.5,-0.5
2025/7/29 2:15,0,0.5,-0.5
2025/7/29 2:20,-0.035714286,0.5,-0.464285714
2025/7/29 2:25,0.05,0.45,-0.5
2025/7/29 2:30,0,0.5,-0.5
2025/7/29 2:35,0,0.5,-0.5
2025/7/29 2:40,0.125,0.375,-0.5
2025/7/29 2:45,0,0.5,-0.5
2025/7/29 2:50,0,0.5,-0.5
2025/7/29 2:55,0,0.5,-0.5
2025/7/29 3:00,0.0625,0.4375,-0.5
2025/7/29 3:05,0.0625,0.4375,-0.5
2025/7/29 3:10,-0.038461538,0.5,-0.461538462
2025/7/29 3:15,0.136363636,0.363636364,-0.5
2025/7/29 3:20,-0.035714286,0.5,-0.464285714
2025/7/29 3:25,-0.071428571,0.5,-0.428571429
2025/7/29 3:30,0,0.5,-0.5
2025/7/29 3:35,0,0.5,-0.5
2025/7/29 3:40,-0.038461538,0.5,-0.461538462
2025/7/29 3:45,0.055555556,0.444444444,-0.5
2025/7/29 3:50,0.0625,0.4375,-0.5
2025/7/29 3:55,0.055555556,0.444444444,-0.5
2025/7/29 4:00,0.142857143,0.357142857,-0.5
2025/7/29 4:05,0.055555556,0.444444444,-0.5
2025/7/29 4:10,0,0.5,-0.5
2025/7/29 4:15,0,0.5,-0.5
2025/7/29 4:20,-0.035714286,0.5,-0.464285714
2025/7/29 4:25,0.05,0.45,-0.5
2025/7/29 4:30,0,0.5,-0.5
2025/7/29 4:35,0,0.5,-0.5
2025/7/29 4:40,0.05,0.45,-0.5
2025/7/29 4:45,0.071428571,0.428571429,-0.5
2025/7/29 4:50,0.0625,0.4375,-0.5
2025/7/29 4:55,-0.035714286,0.5,-0.464285714
2025/7/29 5:00,0,0.5,-0.5
2025/7/29 5:05,0.055555556,0.444444444,-0.5
2025/7/29 5:10,-0.035714286,0.5,-0.464285714
2025/7/29 5:15,-0.066666667,0.5,-0.433333333
2025/7/29 5:20,0,0.5,-0.5
2025/7/29 5:25,0.071428571,0.428571429,-0.5
2025/7/29 5:30,0.111111111,0.388888889,-0.5
2025/7/29 5:35,0.071428571,0.428571429,-0.5
2025/7/29 5:40,0.071428571,0.428571429,-0.5
2025/7/29 5:45,0.0625,0.4375,-0.5
2025/7/29 5:50,0.2,0.3,-0.5
2025/7/29 5:55,0.055555556,0.444444444,-0.5
2025/7/29 6:00,0.055555556,0.444444444,-0.5
2025/7/29 6:05,0.083333333,0.416666667,-0.5
2025/7/29 6:10,-0.038461538,0.5,-0.461538462
2025/7/29 6:15,0.05,0.45,-0.5
2025/7/29 6:20,0,0.5,-0.5
2025/7/29 6:25,0.0625,0.4375,-0.5
2025/7/29 6:30,0.05,0.45,-0.5
2025/7/29 6:35,0,0.5,-0.5
2025/7/29 6:40,0.05,0.45,-0.5
2025/7/29 6:45,0.055555556,0.444444444,-0.5
2025/7/29 6:50,0.05,0.45,-0.5
2025/7/29 6:55,0,0.5,-0.5
2025/7/29 7:00,0.05,0.45,-0.5
2025/7/29 7:05,0.05,0.45,-0.5
2025/7/29 7:10,0.055555556,0.444444444,-0.5
2025/7/29 7:15,0.090909091,0.409090909,-0.5
2025/7/29 7:20,0.0625,0.4375,-0.5
2025/7/29 7:25,0,0.5,-0.5
2025/7/29 7:30,0.115384615,0.384615385,-0.5
2025/7/29 7:35,0,0.5,-0.5
2025/7/29 7:40,0.055555556,0.444444444,-0.5
2025/7/29 7:45,0.090909091,0.409090909,-0.5
2025/7/29 7:50,-0.045454545,0.5,-0.454545455
2025/7/29 7:55,0.090909091,0.409090909,-0.5
2025/7/29 8:00,0.05,0.45,-0.5
2025/7/29 8:05,0.090909091,0.409090909,-0.5
2025/7/29 8:10,0,0.5,-0.5
2025/7/29 8:15,0,0.5,-0.5
2025/7/29 8:20,-0.035714286,0.5,-0.464285714
2025/7/29 8:25,0,0.5,-0.5
2025/7/29 8:30,0.15,0.35,-0.5
2025/7/29 8:35,-0.038461538,0.5,-0.461538462
2025/7/29 8:40,0,0.5,-0.5
2025/7/29 8:45,0.055555556,0.444444444,-0.5
2025/7/29 8:50,0.0625,0.4375,-0.5
2025/7/29 8:55,-0.066666667,0.5,-0.433333333
2025/7/29 9:00,-0.076923077,0.5,-0.423076923
2025/7/29 9:05,0,0.5,-0.5
2025/7/29 9:10,0,0.5,-0.5
2025/7/29 9:15,-0.033333333,0.5,-0.466666667
2025/7/29 9:20,-0.035714286,0.5,-0.464285714
2025/7/29 9:25,0,0.5,-0.5
2025/7/29 9:30,-0.033333333,0.5,-0.466666667
2025/7/29 9:35,-0.03125,0.5,-0.46875
2025/7/29 9:40,-0.066666667,0.5,-0.433333333
2025/7/29 9:45,0.05,0.45,-0.5
2025/7/29 9:50,-0.03125,0.5,-0.46875
2025/7/29 9:55,0,0.5,-0.5
2025/7/29 10:00,-0.033333333,0.5,-0.466666667
2025/7/29 10:05,0,0.5,-0.5
2025/7/29 10:10,0.071428571,0.428571429,-0.5
2025/7/29 10:15,-0.038461538,0.5,-0.461538462
2025/7/29 10:20,0.05,0.45,-0.5
2025/7/29 10:25,0.071428571,0.428571429,-0.5
2025/7/29 10:30,0.0625,0.4375,-0.5
2025/7/29 10:35,-0.035714286,0.5,-0.464285714
2025/7/29 10:40,0.055555556,0.444444444,-0.5
2025/7/29 10:45,0.071428571,0.428571429,-0.5
2025/7/29 10:50,0.142857143,0.357142857,-0.5
2025/7/29 10:55,0.0625,0.4375,-0.5
2025/7/29 11:00,0.0625,0.4375,-0.5
2025/7/29 11:05,0,0.5,-0.5
2025/7/29 11:10,-0.035714286,0.5,-0.464285714
2025/7/29 11:15,-0.035714286,0.5,-0.464285714
2025/7/29 11:20,0,0.5,-0.5
2025/7/29 11:25,-0.033333333,0.5,-0.466666667
2025/7/29 11:30,0.090909091,0.409090909,-0.5
2025/7/29 11:35,0,0.5,-0.5
2025/7/29 11:40,-0.029411765,0.5,-0.470588235
2025/7/29 11:45,0,0.5,-0.5
2025/7/29 11:50,0.055555556,0.444444444,-0.5
2025/7/29 11:55,0,0.5,-0.5
2025/7/29 12:00,0,0.5,-0.5
2025/7/29 12:05,0.045454545,0.454545455,-0.5
2025/7/29 12:10,0,0.5,-0.5
2025/7/29 12:15,-0.071428571,0.5,-0.428571429
2025/7/29 12:20,0.0625,0.4375,-0.5
2025/7/29 12:25,0.0625,0.4375,-0.5
2025/7/29 12:30,0,0.5,-0.5
2025/7/29 12:35,0.0625,0.4375,-0.5
2025/7/29 12:40,0.090909091,0.409090909,-0.5
2025/7/29 12:45,0,0.5,-0.5
2025/7/29 12:50,0.125,0.375,-0.5
2025/7/29 12:55,0.055555556,0.444444444,-0.5
2025/7/29 13:00,0,0.5,-0.5
2025/7/29 13:05,0,0.5,-0.5
2025/7/29 13:10,0.083333333,0.416666667,-0.5
2025/7/29 13:15,0,0.5,-0.5
2025/7/29 13:20,0,0.5,-0.5
2025/7/29 13:25,0.0625,0.4375,-0.5
2025/7/29 13:30,0,0.5,-0.5
2025/7/29 13:35,0.111111111,0.388888889,-0.5
2025/7/29 13:40,0.090909091,0.409090909,-0.5
2025/7/29 13:45,0,0.5,-0.5
2025/7/29 13:50,0,0.5,-0.5
2025/7/29 13:55,0.0625,0.4375,-0.5
2025/7/29 14:00,0,0.5,-0.5
2025/7/29 14:05,-0.03125,0.5,-0.46875
2025/7/29 14:10,0,0.5,-0.5
2025/7/29 14:15,0,0.5,-0.5
2025/7/29 14:20,0,0.5,-0.5
2025/7/29 14:25,0,0.5,-0.5
2025/7/29 14:30,-0.035714286,0.5,-0.464285714
2025/7/29 14:35,0,0.5,-0.5
2025/7/29 14:40,0,0.5,-0.5
2025/7/29 14:45,0.0625,0.4375,-0.5
2025/7/29 14:50,0,0.5,-0.5
2025/7/29 14:55,-0.038461538,0.5,-0.461538462
2025/7/29 15:00,0.05,0.45,-0.5
2025/7/29 15:05,-0.035714286,0.5,-0.464285714
2025/7/29 15:10,0.0625,0.4375,-0.5
2025/7/29 15:15,0.071428571,0.428571429,-0.5
2025/7/29 15:20,0.111111111,0.388888889,-0.5
2025/7/29 15:25,0.05,0.45,-0.5
2025/7/29 15:30,0.045454545,0.454545455,-0.5
2025/7/29 15:35,0.083333333,0.416666667,-0.5
2025/7/29 15:40,0.15,0.35,-0.5
2025/7/29 15:45,0.090909091,0.409090909,-0.5
2025/7/29 15:50,0,0.5,-0.5
2025/7/29 15:55,0.071428571,0.428571429,-0.5
2025/7/29 16:00,-0.0625,0.5,-0.4375
2025/7/29 16:05,0.1,0.4,-0.5
2025/7/29 16:10,0.125,0.375,-0.5
2025/7/29 16:15,0.090909091,0.409090909,-0.5
2025/7/29 16:20,0.0625,0.4375,-0.5
2025/7/29 16:25,0.0625,0.4375,-0.5
2025/7/29 16:30,0,0.5,-0.5
2025/7/29 16:35,0.055555556,0.444444444,-0.5
2025/7/29 16:40,0.0625,0.4375,-0.5
2025/7/29 16:45,0,0.5,-0.5
2025/7/29 16:50,0,0.5,-0.5
2025/7/29 16:55,0.0625,0.4375,-0.5
2025/7/29 17:00,0,0.5,-0.5
2025/7/29 17:05,0.055555556,0.444444444,-0.5
2025/7/29 17:10,0.071428571,0.428571429,-0.5
2025/7/29 17:15,0.1,0.4,-0.5
2025/7/29 17:20,0.055555556,0.444444444,-0.5
2025/7/29 17:25,0.0625,0.4375,-0.5
2025/7/29 17:30,0,0.5,-0.5
2025/7/29 17:35,0.1,0.4,-0.5
2025/7/29 17:40,0,0.5,-0.5
2025/7/29 17:45,-0.041666667,0.5,-0.458333333
2025/7/29 17:50,-0.035714286,0.5,-0.464285714
2025/7/29 17:55,0,0.5,-0.5
2025/7/29 18:00,0.055555556,0.444444444,-0.5
2025/7/29 18:05,0.0625,0.4375,-0.5
2025/7/29 18:10,0.111111111,0.388888889,-0.5
2025/7/29 18:15,0.055555556,0.444444444,-0.5
2025/7/29 18:20,0.1,0.4,-0.5
2025/7/29 18:25,0.055555556,0.444444444,-0.5
2025/7/29 18:30,0,0.5,-0.5
2025/7/29 18:35,0,0.5,-0.5
2025/7/29 18:40,-0.033333333,0.5,-0.466666667
2025/7/29 18:45,0,0.5,-0.5
2025/7/29 18:50,0,0.5,-0.5
2025/7/29 18:55,0.055555556,0.444444444,-0.5
2025/7/29 19:00,-0.035714286,0.5,-0.464285714
2025/7/29 19:05,0,0.5,-0.5
2025/7/29 19:10,-0.035714286,0.5,-0.464285714
2025/7/29 19:15,0.0625,0.4375,-0.5
2025/7/29 19:20,0.071428571,0.428571429,-0.5
2025/7/29 19:25,-0.033333333,0.5,-0.466666667
2025/7/29 19:30,0,0.5,-0.5
2025/7/29 19:35,-0.035714286,0.5,-0.464285714
2025/7/29 19:40,0,0.5,-0.5
2025/7/29 19:45,-0.033333333,0.5,-0.466666667
2025/7/29 19:50,0.071428571,0.428571429,-0.5
2025/7/29 19:55,-0.038461538,0.5,-0.461538462
2025/7/29 20:00,0.071428571,0.428571429,-0.5
2025/7/29 20:05,-0.035714286,0.5,-0.464285714
2025/7/29 20:10,-0.038461538,0.5,-0.461538462
2025/7/29 20:15,-0.035714286,0.5,-0.464285714
2025/7/29 20:20,-0.071428571,0.5,-0.428571429
2025/7/29 20:25,0,0.5,-0.5
2025/7/29 20:30,0,0.5,-0.5
2025/7/29 20:35,0.083333333,0.416666667,-0.5
2025/7/29 20:40,0,0.5,-0.5
2025/7/29 20:45,-0.066666667,0.5,-0.433333333
2025/7/29 20:50,0.083333333,0.416666667,-0.5
2025/7/29 20:55,0,0.5,-0.5
2025/7/29 21:00,0,0.5,-0.5
2025/7/29 21:05,-0.041666667,0.5,-0.458333333
2025/7/29 21:10,0.071428571,0.428571429,-0.5
2025/7/29 21:15,0,0.5,-0.5
2025/7/29 21:20,0,0.5,-0.5
2025/7/29 21:25,0.111111111,0.388888889,-0.5
2025/7/29 21:30,0,0.5,-0.5
2025/7/29 21:35,-0.107142857,0.5,-0.392857143
2025/7/29 21:40,-0.038461538,0.5,-0.461538462
2025/7/29 21:45,-0.038461538,0.5,-0.461538462
2025/7/29 21:50,0,0.5,-0.5
2025/7/29 21:55,0.0625,0.4375,-0.5
2025/7/29 22:00,0.0625,0.4375,-0.5
2025/7/29 22:05,0.111111111,0.388888889,-0.5
2025/7/29 22:10,-0.035714286,0.5,-0.464285714
2025/7/29 22:15,0,0.5,-0.5
2025/7/29 22:20,0.111111111,0.388888889,-0.5
2025/7/29 22:25,0.071428571,0.428571429,-0.5
2025/7/29 22:30,0.071428571,0.428571429,-0.5
2025/7/29 22:35,-0.035714286,0.5,-0.464285714
2025/7/29 22:40,0.055555556,0.444444444,-0.5
2025/7/29 22:45,0.0625,0.4375,-0.5
2025/7/29 22:50,0.1,0.4,-0.5
2025/7/29 22:55,0.055555556,0.444444444,-0.5
2025/7/29 23:00,0.136363636,0.363636364,-0.5
2025/7/29 23:05,0,0.5,-0.5
2025/7/29 23:10,0.111111111,0.388888889,-0.5
2025/7/29 23:15,0.0625,0.4375,-0.5
2025/7/29 23:20,0,0.5,-0.5
2025/7/29 23:25,0.111111111,0.388888889,-0.5
2025/7/29 23:30,0.045454545,0.454545455,-0.5
2025/7/29 23:35,0.1,0.4,-0.5
2025/7/29 23:40,0.055555556,0.444444444,-0.5
2025/7/29 23:45,-0.066666667,0.5,-0.433333333
2025/7/29 23:50,0,0.5,-0.5
2025/7/29 23:55,0.111111111,0.388888889,-0.5
2025/7/30 0:00,0,0.5,-0.5
2025/7/30 0:05,0.111111111,0.388888889,-0.5
2025/7/30 0:10,-0.035714286,0.5,-0.464285714
2025/7/30 0:15,0,0.5,-0.5
2025/7/30 0:20,0.083333333,0.416666667,-0.5
2025/7/30 0:25,0.071428571,0.428571429,-0.5
2025/7/30 0:30,-0.071428571,0.5,-0.428571429
2025/7/30 0:35,-0.035714286,0.5,-0.464285714
2025/7/30 0:40,0,0.5,-0.5
2025/7/30 0:45,-0.035714286,0.5,-0.464285714
2025/7/30 0:50,-0.066666667,0.5,-0.433333333
2025/7/30 0:55,0.142857143,0.357142857,-0.5
2025/7/30 1:00,0,0.5,-0.5
2025/7/30 1:05,0,0.5,-0.5
2025/7/30 1:10,0,0.5,-0.5
2025/7/30 1:15,-0.038461538,0.5,-0.461538462
2025/7/30 1:20,-0.033333333,0.5,-0.466666667
2025/7/30 1:25,0.0625,0.4375,-0.5
2025/7/30 1:30,0,0.5,-0.5
2025/7/30 1:35,0,0.5,-0.5
2025/7/30 1:40,0,0.5,-0.5
2025/7/30 1:45,0.1,0.4,-0.5
2025/7/30 1:50,0,0.5,-0.5
2025/7/30 1:55,0,0.5,-0.5
2025/7/30 2:00,0.055555556,0.444444444,-0.5
2025/7/30 2:05,0.1,0.4,-0.5
2025/7/30 2:10,0.1,0.4,-0.5
2025/7/30 2:15,0.0625,0.4375,-0.5
2025/7/30 2:20,0.1,0.4,-0.5
2025/7/30 2:25,0.055555556,0.444444444,-0.5
2025/7/30 2:30,0.041666667,0.458333333,-0.5
2025/7/30 2:35,0.2,0.3,-0.5
2025/7/30 2:40,0,0.5,-0.5
2025/7/30 2:45,0.055555556,0.444444444,-0.5
2025/7/30 2:50,-0.038461538,0.5,-0.461538462
2025/7/30 2:55,0.0625,0.4375,-0.5
2025/7/30 3:00,0,0.5,-0.5
2025/7/30 3:05,0,0.5,-0.5
2025/7/30 3:10,0.111111111,0.388888889,-0.5
2025/7/30 3:15,0.055555556,0.444444444,-0.5
2025/7/30 3:20,0,0.5,-0.5
2025/7/30 3:25,0,0.5,-0.5
2025/7/30 3:30,0,0.5,-0.5
2025/7/30 3:35,0.045454545,0.454545455,-0.5
2025/7/30 3:40,0,0.5,-0.5
2025/7/30 3:45,0.055555556,0.444444444,-0.5
2025/7/30 3:50,0,0.5,-0.5
2025/7/30 3:55,0.05,0.45,-0.5
2025/7/30 4:00,0.083333333,0.416666667,-0.5
2025/7/30 4:05,-0.033333333,0.5,-0.466666667
2025/7/30 4:10,0.111111111,0.388888889,-0.5
2025/7/30 4:15,0.055555556,0.444444444,-0.5
2025/7/30 4:20,0.0625,0.4375,-0.5
2025/7/30 4:25,0,0.5,-0.5
2025/7/30 4:30,-0.035714286,0.5,-0.464285714
2025/7/30 4:35,0.083333333,0.416666667,-0.5
2025/7/30 4:40,0,0.5,-0.5
2025/7/30 4:45,0,0.5,-0.5
2025/7/30 4:50,-0.038461538,0.5,-0.461538462
2025/7/30 4:55,-0.035714286,0.5,-0.464285714
2025/7/30 5:00,0.055555556,0.444444444,-0.5
2025/7/30 5:05,0,0.5,-0.5
2025/7/30 5:10,-0.071428571,0.5,-0.428571429
2025/7/30 5:15,-0.071428571,0.5,-0.428571429
2025/7/30 5:20,0,0.5,-0.5
2025/7/30 5:25,-0.033333333,0.5,-0.466666667
2025/7/30 5:30,0,0.5,-0.5
2025/7/30 5:35,0.055555556,0.444444444,-0.5
2025/7/30 5:40,0,0.5,-0.5
2025/7/30 5:45,-0.071428571,0.5,-0.428571429
2025/7/30 5:50,-0.038461538,0.5,-0.461538462
2025/7/30 5:55,-0.071428571,0.5,-0.428571429
2025/7/30 6:00,0,0.5,-0.5
2025/7/30 6:05,0.125,0.375,-0.5
2025/7/30 6:10,0,0.5,-0.5
2025/7/30 6:15,0,0.5,-0.5
2025/7/30 6:20,-0.038461538,0.5,-0.461538462
2025/7/30 6:25,0.055555556,0.444444444,-0.5
2025/7/30 6:30,0,0.5,-0.5
2025/7/30 6:35,0.111111111,0.388888889,-0.5
2025/7/30 6:40,-0.05,0.5,-0.45
2025/7/30 6:45,0,0.5,-0.5
2025/7/30 6:50,0.1,0.4,-0.5
2025/7/30 6:55,0.055555556,0.444444444,-0.5
2025/7/30 7:00,-0.041666667,0.5,-0.458333333
2025/7/30 7:05,0.05,0.45,-0.5
2025/7/30 7:10,0,0.5,-0.5
2025/7/30 7:15,-0.041666667,0.5,-0.458333333
2025/7/30 7:20,0,0.5,-0.5
2025/7/30 7:25,0.05,0.45,-0.5
2025/7/30 7:30,0.090909091,0.409090909,-0.5
2025/7/30 7:35,0,0.5,-0.5
2025/7/30 7:40,0,0.5,-0.5
2025/7/30 7:45,-0.038461538,0.5,-0.461538462
2025/7/30 7:50,-0.038461538,0.5,-0.461538462
2025/7/30 7:55,0.083333333,0.416666667,-0.5
2025/7/30 8:00,0.111111111,0.388888889,-0.5
2025/7/30 8:05,-0.076923077,0.5,-0.423076923
2025/7/30 8:10,0.071428571,0.428571429,-0.5
2025/7/30 8:15,-0.076923077,0.5,-0.423076923
2025/7/30 8:20,0,0.5,-0.5
2025/7/30 8:25,0.071428571,0.428571429,-0.5
2025/7/30 8:30,-0.035714286,0.5,-0.464285714
2025/7/30 8:35,0.071428571,0.428571429,-0.5
2025/7/30 8:40,0.083333333,0.416666667,-0.5
2025/7/30 8:45,0,0.5,-0.5
2025/7/30 8:50,-0.038461538,0.5,-0.461538462
2025/7/30 8:55,0,0.5,-0.5
2025/7/30 9:00,0,0.5,-0.5
2025/7/30 9:05,0,0.5,-0.5
2025/7/30 9:10,0,0.5,-0.5
2025/7/30 9:15,-0.071428571,0.5,-0.428571429
2025/7/30 9:20,-0.035714286,0.5,-0.464285714
2025/7/30 9:25,0,0.5,-0.5
2025/7/30 9:30,0,0.5,-0.5
2025/7/30 9:35,-0.066666667,0.5,-0.433333333
2025/7/30 9:40,0.071428571,0.428571429,-0.5
2025/7/30 9:45,0,0.5,-0.5
2025/7/30 9:50,-0.09375,0.5,-0.40625
2025/7/30 9:55,0.055555556,0.444444444,-0.5
2025/7/30 10:00,-0.041666667,0.5,-0.458333333
2025/7/30 10:05,0,0.5,-0.5
2025/7/30 10:10,0.0625,0.4375,-0.5
2025/7/30 10:15,0.071428571,0.428571429,-0.5
2025/7/30 10:20,-0.038461538,0.5,-0.461538462
2025/7/30 10:25,0.0625,0.4375,-0.5
2025/7/30 10:30,0.071428571,0.428571429,-0.5
2025/7/30 10:35,0,0.5,-0.5
2025/7/30 10:40,0,0.5,-0.5
2025/7/30 10:45,-0.033333333,0.5,-0.466666667
2025/7/30 10:50,0.0625,0.4375,-0.5
2025/7/30 10:55,0,0.5,-0.5
2025/7/30 11:00,0.055555556,0.444444444,-0.5
2025/7/30 11:05,0,0.5,-0.5
2025/7/30 11:10,0.055555556,0.444444444,-0.5
2025/7/30 11:15,0,0.5,-0.5
2025/7/30 11:20,0.055555556,0.444444444,-0.5
2025/7/30 11:25,0.083333333,0.416666667,-0.5
2025/7/30 11:30,0.15,0.35,-0.5
2025/7/30 11:35,0.111111111,0.388888889,-0.5
2025/7/30 11:40,0,0.5,-0.5
2025/7/30 11:45,0.05,0.45,-0.5
2025/7/30 11:50,0.111111111,0.388888889,-0.5
2025/7/30 11:55,0.125,0.375,-0.5
2025/7/30 12:00,0,0.5,-0.5
2025/7/30 12:05,-0.03125,0.5,-0.46875
2025/7/30 12:10,0.0625,0.4375,-0.5
2025/7/30 12:15,0.125,0.375,-0.5
2025/7/30 12:20,0.090909091,0.409090909,-0.5
2025/7/30 12:25,0.05,0.45,-0.5
2025/7/30 12:30,-0.038461538,0.5,-0.461538462
2025/7/30 12:35,0,0.5,-0.5
2025/7/30 12:40,0.0625,0.4375,-0.5
2025/7/30 12:45,0.125,0.375,-0.5
2025/7/30 12:50,-0.03125,0.5,-0.46875
2025/7/30 12:55,0.0625,0.4375,-0.5
2025/7/30 13:00,0.0625,0.4375,-0.5
2025/7/30 13:05,0.055555556,0.444444444,-0.5
2025/7/30 13:10,0.083333333,0.416666667,-0.5
2025/7/30 13:15,-0.035714286,0.5,-0.464285714
2025/7/30 13:20,0.071428571,0.428571429,-0.5
2025/7/30 13:25,0.0625,0.4375,-0.5
2025/7/30 13:30,-0.035714286,0.5,-0.464285714
2025/7/30 13:35,-0.066666667,0.5,-0.433333333
2025/7/30 13:40,0.055555556,0.444444444,-0.5
2025/7/30 13:45,0,0.5,-0.5
2025/7/30 13:50,-0.038461538,0.5,-0.461538462
2025/7/30 13:55,0,0.5,-0.5
2025/7/30 14:00,0.083333333,0.416666667,-0.5
2025/7/30 14:05,0.111111111,0.388888889,-0.5
2025/7/30 14:10,0.090909091,0.409090909,-0.5
2025/7/30 14:15,0.1,0.4,-0.5
2025/7/30 14:20,0.136363636,0.363636364,-0.5
2025/7/30 14:25,0.1,0.4,-0.5
2025/7/30 14:30,0,0.5,-0.5
2025/7/30 14:35,0,0.5,-0.5
2025/7/30 14:40,0.1,0.4,-0.5
2025/7/30 14:45,0.090909091,0.409090909,-0.5
2025/7/30 14:50,0.055555556,0.444444444,-0.5
2025/7/30 14:55,0.1,0.4,-0.5
2025/7/30 15:00,0.111111111,0.388888889,-0.5
2025/7/30 15:05,0,0.5,-0.5
2025/7/30 15:10,0.05,0.45,-0.5
2025/7/30 15:15,0,0.5,-0.5
2025/7/30 15:20,0.055555556,0.444444444,-0.5
2025/7/30 15:25,0.05,0.45,-0.5
2025/7/30 15:30,-0.038461538,0.5,-0.461538462
2025/7/30 15:35,0.05,0.45,-0.5
2025/7/30 15:40,0.0625,0.4375,-0.5
2025/7/30 15:45,0,0.5,-0.5
2025/7/30 15:50,0,0.5,-0.5
2025/7/30 15:55,-0.035714286,0.5,-0.464285714
2025/7/30 16:00,0,0.5,-0.5
2025/7/30 16:05,-0.035714286,0.5,-0.464285714
2025/7/30 16:10,0,0.5,-0.5
2025/7/30 16:15,-0.041666667,0.5,-0.458333333
2025/7/30 16:20,0.055555556,0.444444444,-0.5
2025/7/30 16:25,-0.038461538,0.5,-0.461538462
2025/7/30 16:30,0,0.5,-0.5
2025/7/30 16:35,0,0.5,-0.5
2025/7/30 16:40,-0.038461538,0.5,-0.461538462
2025/7/30 16:45,-0.035714286,0.5,-0.464285714
2025/7/30 16:50,-0.033333333,0.5,-0.466666667
2025/7/30 16:55,0,0.5,-0.5
2025/7/30 17:00,-0.071428571,0.5,-0.428571429
2025/7/30 17:05,-0.038461538,0.5,-0.461538462
2025/7/30 17:10,0,0.5,-0.5
2025/7/30 17:15,0.125,0.375,-0.5
2025/7/30 17:20,0,0.5,-0.5
2025/7/30 17:25,0.045454545,0.454545455,-0.5
2025/7/30 17:30,0.055555556,0.444444444,-0.5
2025/7/30 17:35,0,0.5,-0.5
2025/7/30 17:40,0.0625,0.4375,-0.5
2025/7/30 17:45,0.0625,0.4375,-0.5
2025/7/30 17:50,0,0.5,-0.5
2025/7/30 17:55,-0.045454545,0.5,-0.454545455
2025/7/30 18:00,0.071428571,0.428571429,-0.5
2025/7/30 18:05,0.1,0.4,-0.5
2025/7/30 18:10,0.055555556,0.444444444,-0.5
2025/7/30 18:15,-0.038461538,0.5,-0.461538462
2025/7/30 18:20,-0.035714286,0.5,-0.464285714
2025/7/30 18:25,0.05,0.45,-0.5
2025/7/30 18:30,-0.035714286,0.5,-0.464285714
2025/7/30 18:35,0,0.5,-0.5
2025/7/30 18:40,0.071428571,0.428571429,-0.5
2025/7/30 18:45,-0.125,0.5,-0.375
2025/7/30 18:50,0,0.5,-0.5
2025/7/30 18:55,0,0.5,-0.5
2025/7/30 19:00,0.045454545,0.454545455,-0.5
2025/7/30 19:05,0.125,0.375,-0.5
2025/7/30 19:10,0.05,0.45,-0.5
2025/7/30 19:15,0.0625,0.4375,-0.5
2025/7/30 19:20,0.136363636,0.363636364,-0.5
2025/7/30 19:25,0.090909091,0.409090909,-0.5
2025/7/30 19:30,0.15,0.35,-0.5
2025/7/30 19:35,0.125,0.375,-0.5
2025/7/30 19:40,0.055555556,0.444444444,-0.5
2025/7/30 19:45,0.111111111,0.388888889,-0.5
2025/7/30 19:50,0,0.5,-0.5
2025/7/30 19:55,0,0.5,-0.5
2025/7/30 20:00,0.045454545,0.454545455,-0.5
2025/7/30 20:05,0,0.5,-0.5
2025/7/30 20:10,0,0.5,-0.5
2025/7/30 20:15,0.0625,0.4375,-0.5
2025/7/30 20:20,-0.035714286,0.5,-0.464285714
2025/7/30 20:25,0,0.5,-0.5
2025/7/30 20:30,-0.033333333,0.5,-0.466666667
2025/7/30 20:35,-0.066666667,0.5,-0.433333333
2025/7/30 20:40,-0.035714286,0.5,-0.464285714
2025/7/30 20:45,0,0.5,-0.5
2025/7/30 20:50,0,0.5,-0.5
2025/7/30 20:55,0.05,0.45,-0.5
2025/7/30 21:00,0.1,0.4,-0.5
2025/7/30 21:05,0.125,0.375,-0.5
2025/7/30 21:10,0,0.5,-0.5
2025/7/30 21:15,0.090909091,0.409090909,-0.5
2025/7/30 21:20,0.055555556,0.444444444,-0.5
2025/7/30 21:25,0.1,0.4,-0.5
2025/7/30 21:30,0,0.5,-0.5
2025/7/30 21:35,0.071428571,0.428571429,-0.5
2025/7/30 21:40,0.136363636,0.363636364,-0.5
2025/7/30 21:45,0.0625,0.4375,-0.5
2025/7/30 21:50,0.0625,0.4375,-0.5
2025/7/30 21:55,-0.066666667,0.5,-0.433333333
2025/7/30 22:00,0.055555556,0.444444444,-0.5
2025/7/30 22:05,0,0.5,-0.5
2025/7/30 22:10,0.1,0.4,-0.5
2025/7/30 22:15,0.083333333,0.416666667,-0.5
2025/7/30 22:20,0.083333333,0.416666667,-0.5
2025/7/30 22:25,0.0625,0.4375,-0.5
2025/7/30 22:30,-0.035714286,0.5,-0.464285714
2025/7/30 22:35,-0.033333333,0.5,-0.466666667
2025/7/30 22:40,0,0.5,-0.5
2025/7/30 22:45,0.15,0.35,-0.5
2025/7/30 22:50,0.083333333,0.416666667,-0.5
2025/7/30 22:55,0.1,0.4,-0.5
2025/7/30 23:00,0.05,0.45,-0.5
2025/7/30 23:05,0.136363636,0.363636364,-0.5
2025/7/30 23:10,0.071428571,0.428571429,-0.5
2025/7/30 23:15,0.166666667,0.333333333,-0.5
2025/7/30 23:20,0.166666667,0.333333333,-0.5
2025/7/30 23:25,0.055555556,0.444444444,-0.5
2025/7/30 23:30,0.055555556,0.444444444,-0.5
2025/7/30 23:35,0.071428571,0.428571429,-0.5
2025/7/30 23:40,0.142857143,0.357142857,-0.5
2025/7/30 23:45,-0.033333333,0.5,-0.466666667
2025/7/30 23:50,0.125,0.375,-0.5
2025/7/30 23:55,0.055555556,0.444444444,-0.5
2025/7/31 0:00,0.111111111,0.388888889,-0.5
2025/7/31 0:05,0.125,0.375,-0.5
2025/7/31 0:10,0.1,0.4,-0.5
2025/7/31 0:15,0.055555556,0.444444444,-0.5
2025/7/31 0:20,0.0625,0.4375,-0.5
2025/7/31 0:25,0.05,0.45,-0.5
2025/7/31 0:30,0.05,0.45,-0.5
2025/7/31 0:35,0.05,0.45,-0.5
2025/7/31 0:40,0.055555556,0.444444444,-0.5
2025/7/31 0:45,0,0.5,-0.5
2025/7/31 0:50,-0.035714286,0.5,-0.464285714
2025/7/31 0:55,0.05,0.45,-0.5
2025/7/31 1:00,0.055555556,0.444444444,-0.5
2025/7/31 1:05,0.0625,0.4375,-0.5
2025/7/31 1:10,0.055555556,0.444444444,-0.5
2025/7/31 1:15,0.045454545,0.454545455,-0.5
2025/7/31 1:20,0.1,0.4,-0.5
2025/7/31 1:25,0.055555556,0.444444444,-0.5
2025/7/31 1:30,0.055555556,0.444444444,-0.5
2025/7/31 1:35,0,0.5,-0.5
2025/7/31 1:40,0.045454545,0.454545455,-0.5
2025/7/31 1:45,0.041666667,0.458333333,-0.5
2025/7/31 1:50,-0.033333333,0.5,-0.466666667
2025/7/31 1:55,0,0.5,-0.5
2025/7/31 2:00,0.05,0.45,-0.5
2025/7/31 2:05,0,0.5,-0.5
2025/7/31 2:10,0,0.5,-0.5
2025/7/31 2:15,0,0.5,-0.5
2025/7/31 2:20,-0.035714286,0.5,-0.464285714
2025/7/31 2:25,-0.038461538,0.5,-0.461538462
2025/7/31 2:30,-0.038461538,0.5,-0.461538462
2025/7/31 2:35,-0.038461538,0.5,-0.461538462
2025/7/31 2:40,0,0.5,-0.5
2025/7/31 2:45,0.083333333,0.416666667,-0.5
2025/7/31 2:50,0.055555556,0.444444444,-0.5
2025/7/31 2:55,-0.071428571,0.5,-0.428571429
2025/7/31 3:00,0,0.5,-0.5
2025/7/31 3:05,0.041666667,0.458333333,-0.5
2025/7/31 3:10,0,0.5,-0.5
2025/7/31 3:15,0.111111111,0.388888889,-0.5
2025/7/31 3:20,0,0.5,-0.5
2025/7/31 3:25,0.05,0.45,-0.5
2025/7/31 3:30,0.0625,0.4375,-0.5
2025/7/31 3:35,0,0.5,-0.5
2025/7/31 3:40,0.055555556,0.444444444,-0.5
2025/7/31 3:45,0.090909091,0.409090909,-0.5
2025/7/31 3:50,0,0.5,-0.5
2025/7/31 3:55,0.076923077,0.423076923,-0.5
2025/7/31 4:00,0,0.5,-0.5
2025/7/31 4:05,0.083333333,0.416666667,-0.5
2025/7/31 4:10,0,0.5,-0.5
2025/7/31 4:15,0,0.5,-0.5
2025/7/31 4:20,-0.033333333,0.5,-0.466666667
2025/7/31 4:25,0,0.5,-0.5
2025/7/31 4:30,-0.035714286,0.5,-0.464285714
2025/7/31 4:35,0.0625,0.4375,-0.5
2025/7/31 4:40,-0.041666667,0.5,-0.458333333
2025/7/31 4:45,0.055555556,0.444444444,-0.5
2025/7/31 4:50,0.055555556,0.444444444,-0.5
2025/7/31 4:55,-0.041666667,0.5,-0.458333333
2025/7/31 5:00,0.045454545,0.454545455,-0.5
2025/7/31 5:05,0,0.5,-0.5
2025/7/31 5:10,0.0625,0.4375,-0.5
2025/7/31 5:15,0.0625,0.4375,-0.5
2025/7/31 5:20,0.055555556,0.444444444,-0.5
2025/7/31 5:25,-0.071428571,0.5,-0.428571429
2025/7/31 5:30,-0.035714286,0.5,-0.464285714
2025/7/31 5:35,0.045454545,0.454545455,-0.5
2025/7/31 5:40,-0.038461538,0.5,-0.461538462
2025/7/31 5:45,0,0.5,-0.5
2025/7/31 5:50,-0.071428571,0.5,-0.428571429
2025/7/31 5:55,-0.038461538,0.5,-0.461538462
2025/7/31 6:00,0,0.5,-0.5
2025/7/31 6:05,0,0.5,-0.5
2025/7/31 6:10,0,0.5,-0.5
2025/7/31 6:15,0,0.5,-0.5
2025/7/31 6:20,-0.041666667,0.5,-0.458333333
2025/7/31 6:25,0.055555556,0.444444444,-0.5
2025/7/31 6:30,0,0.5,-0.5
2025/7/31 6:35,0.05,0.45,-0.5
2025/7/31 6:40,0,0.5,-0.5
2025/7/31 6:45,0.125,0.375,-0.5
2025/7/31 6:50,0.136363636,0.363636364,-0.5
2025/7/31 6:55,0.111111111,0.388888889,-0.5
2025/7/31 7:00,0.111111111,0.388888889,-0.5
2025/7/31 7:05,0.055555556,0.444444444,-0.5
2025/7/31 7:10,0,0.5,-0.5
2025/7/31 7:15,0.0625,0.4375,-0.5
2025/7/31 7:20,0.041666667,0.458333333,-0.5
2025/7/31 7:25,0.090909091,0.409090909,-0.5
2025/7/31 7:30,0.115384615,0.384615385,-0.5
2025/7/31 7:35,0,0.5,-0.5
2025/7/31 7:40,0,0.5,-0.5
2025/7/31 7:45,0.090909091,0.409090909,-0.5
2025/7/31 7:50,0.055555556,0.444444444,-0.5
2025/7/31 7:55,0.055555556,0.444444444,-0.5
2025/7/31 8:00,0.05,0.45,-0.5
2025/7/31 8:05,0.125,0.375,-0.5
2025/7/31 8:10,0.090909091,0.409090909,-0.5
2025/7/31 8:15,-0.0625,0.5,-0.4375
2025/7/31 8:20,-0.035714286,0.5,-0.464285714
2025/7/31 8:25,0.083333333,0.416666667,-0.5
2025/7/31 8:30,0.055555556,0.444444444,-0.5
2025/7/31 8:35,0.045454545,0.454545455,-0.5
2025/7/31 8:40,0.055555556,0.444444444,-0.5
2025/7/31 8:45,0,0.5,-0.5
2025/7/31 8:50,0.083333333,0.416666667,-0.5
2025/7/31 8:55,-0.035714286,0.5,-0.464285714
2025/7/31 9:00,-0.076923077,0.5,-0.423076923
2025/7/31 9:05,-0.035714286,0.5,-0.464285714
2025/7/31 9:10,0.05,0.45,-0.5
2025/7/31 9:15,0,0.5,-0.5
2025/7/31 9:20,-0.041666667,0.5,-0.458333333
2025/7/31 9:25,-0.038461538,0.5,-0.461538462
2025/7/31 9:30,-0.083333333,0.5,-0.416666667
2025/7/31 9:35,-0.033333333,0.5,-0.466666667
2025/7/31 9:40,0,0.5,-0.5
2025/7/31 9:45,0.045454545,0.454545455,-0.5
2025/7/31 9:50,0.071428571,0.428571429,-0.5
2025/7/31 9:55,0,0.5,-0.5
2025/7/31 10:00,0,0.5,-0.5
2025/7/31 10:05,0,0.5,-0.5
2025/7/31 10:10,0,0.5,-0.5
2025/7/31 10:15,0.1,0.4,-0.5
2025/7/31 10:20,0,0.5,-0.5
2025/7/31 10:25,0.05,0.45,-0.5
2025/7/31 10:30,-0.066666667,0.5,-0.433333333
2025/7/31 10:35,-0.035714286,0.5,-0.464285714
2025/7/31 10:40,0,0.5,-0.5
2025/7/31 10:45,-0.035714286,0.5,-0.464285714
2025/7/31 10:50,0.055555556,0.444444444,-0.5
2025/7/31 10:55,-0.038461538,0.5,-0.461538462
2025/7/31 11:00,0.071428571,0.428571429,-0.5
2025/7/31 11:05,0.0625,0.4375,-0.5
2025/7/31 11:10,-0.071428571,0.5,-0.428571429
2025/7/31 11:15,0,0.5,-0.5
2025/7/31 11:20,0,0.5,-0.5
2025/7/31 11:25,0.071428571,0.428571429,-0.5
2025/7/31 11:30,0.071428571,0.428571429,-0.5
2025/7/31 11:35,-0.041666667,0.5,-0.458333333
2025/7/31 11:40,0.083333333,0.416666667,-0.5
2025/7/31 11:45,-0.041666667,0.5,-0.458333333
2025/7/31 11:50,0.071428571,0.428571429,-0.5
2025/7/31 11:55,0,0.5,-0.5
2025/7/31 12:00,0.111111111,0.388888889,-0.5
2025/7/31 12:05,0,0.5,-0.5
2025/7/31 12:10,0.0625,0.4375,-0.5
2025/7/31 12:15,-0.071428571,0.5,-0.428571429
2025/7/31 12:20,0,0.5,-0.5
2025/7/31 12:25,-0.041666667,0.5,-0.458333333
2025/7/31 12:30,-0.071428571,0.5,-0.428571429
2025/7/31 12:35,0,0.5,-0.5
2025/7/31 12:40,0,0.5,-0.5
2025/7/31 12:45,0.083333333,0.416666667,-0.5
2025/7/31 12:50,0,0.5,-0.5
2025/7/31 12:55,0,0.5,-0.5
2025/7/31 13:00,0.111111111,0.388888889,-0.5
2025/7/31 13:05,0.111111111,0.388888889,-0.5
2025/7/31 13:10,0,0.5,-0.5
2025/7/31 13:15,-0.035714286,0.5,-0.464285714
2025/7/31 13:20,0.15,0.35,-0.5
2025/7/31 13:25,0.111111111,0.388888889,-0.5
2025/7/31 13:30,0.1,0.4,-0.5
2025/7/31 13:35,-0.035714286,0.5,-0.464285714
2025/7/31 13:40,0.083333333,0.416666667,-0.5
2025/7/31 13:45,0.111111111,0.388888889,-0.5
2025/7/31 13:50,0.0625,0.4375,-0.5
2025/7/31 13:55,0.125,0.375,-0.5
2025/7/31 14:00,0.125,0.375,-0.5
2025/7/31 14:05,0.111111111,0.388888889,-0.5
2025/7/31 14:10,0,0.5,-0.5
2025/7/31 14:15,-0.0625,0.5,-0.4375
2025/7/31 14:20,0.071428571,0.428571429,-0.5
2025/7/31 14:25,0.055555556,0.444444444,-0.5
2025/7/31 14:30,0.090909091,0.409090909,-0.5
2025/7/31 14:35,0.05,0.45,-0.5
2025/7/31 14:40,0.0625,0.4375,-0.5
2025/7/31 14:45,0,0.5,-0.5
2025/7/31 14:50,0.125,0.375,-0.5
2025/7/31 14:55,0,0.5,-0.5
2025/7/31 15:00,0.1,0.4,-0.5
2025/7/31 15:05,0.125,0.375,-0.5
2025/7/31 15:10,0.136363636,0.363636364,-0.5
2025/7/31 15:15,0,0.5,-0.5
2025/7/31 15:20,0,0.5,-0.5
2025/7/31 15:25,0.0625,0.4375,-0.5
2025/7/31 15:30,0.055555556,0.444444444,-0.5
2025/7/31 15:35,0.125,0.375,-0.5
2025/7/31 15:40,0,0.5,-0.5
2025/7/31 15:45,0,0.5,-0.5
2025/7/31 15:50,0,0.5,-0.5
2025/7/31 15:55,0,0.5,-0.5
2025/7/31 16:00,0,0.5,-0.5
2025/7/31 16:05,0.15,0.35,-0.5
2025/7/31 16:10,0.0625,0.4375,-0.5
2025/7/31 16:15,-0.058823529,0.5,-0.441176471
2025/7/31 16:20,0.045454545,0.454545455,-0.5
2025/7/31 16:25,0.125,0.375,-0.5
2025/7/31 16:30,0.05,0.45,-0.5
2025/7/31 16:35,0.055555556,0.444444444,-0.5
2025/7/31 16:40,0.05,0.45,-0.5
2025/7/31 16:45,0.05,0.45,-0.5
2025/7/31 16:50,0.0625,0.4375,-0.5
2025/7/31 16:55,0.045454545,0.454545455,-0.5
2025/7/31 17:00,0,0.5,-0.5
2025/7/31 17:05,0,0.5,-0.5
2025/7/31 17:10,0,0.5,-0.5
2025/7/31 17:15,-0.033333333,0.5,-0.466666667
2025/7/31 17:20,0.05,0.45,-0.5
2025/7/31 17:25,0,0.5,-0.5
2025/7/31 17:30,-0.058823529,0.5,-0.441176471
2025/7/31 17:35,-0.035714286,0.5,-0.464285714
2025/7/31 17:40,0,0.5,-0.5
2025/7/31 17:45,0,0.5,-0.5
2025/7/31 17:50,-0.03125,0.5,-0.46875
2025/7/31 17:55,0.0625,0.4375,-0.5
2025/7/31 18:00,-0.058823529,0.5,-0.441176471
2025/7/31 18:05,-0.0625,0.5,-0.4375
2025/7/31 18:10,0.055555556,0.444444444,-0.5
2025/7/31 18:15,-0.066666667,0.5,-0.433333333
2025/7/31 18:20,0.090909091,0.409090909,-0.5
2025/7/31 18:25,0.0625,0.4375,-0.5
2025/7/31 18:30,0.041666667,0.458333333,-0.5
2025/7/31 18:35,0,0.5,-0.5
2025/7/31 18:40,0,0.5,-0.5
2025/7/31 18:45,0.083333333,0.416666667,-0.5
2025/7/31 18:50,-0.038461538,0.5,-0.461538462
2025/7/31 18:55,0,0.5,-0.5
2025/7/31 19:00,-0.033333333,0.5,-0.466666667
2025/7/31 19:05,0.055555556,0.444444444,-0.5
2025/7/31 19:10,0.05,0.45,-0.5
2025/7/31 19:15,0.055555556,0.444444444,-0.5
2025/7/31 19:20,0.05,0.45,-0.5
2025/7/31 19:25,0,0.5,-0.5
2025/7/31 19:30,0,0.5,-0.5
2025/7/31 19:35,0.0625,0.4375,-0.5
2025/7/31 19:40,0.071428571,0.428571429,-0.5
2025/7/31 19:45,-0.033333333,0.5,-0.466666667
2025/7/31 19:50,0.05,0.45,-0.5
2025/7/31 19:55,0.055555556,0.444444444,-0.5
2025/7/31 20:00,0.111111111,0.388888889,-0.5
2025/7/31 20:05,0.125,0.375,-0.5
2025/7/31 20:10,0.1,0.4,-0.5
2025/7/31 20:15,0.1,0.4,-0.5
2025/7/31 20:20,0.05,0.45,-0.5
2025/7/31 20:25,0.05,0.45,-0.5
2025/7/31 20:30,0,0.5,-0.5
2025/7/31 20:35,0.1,0.4,-0.5
2025/7/31 20:40,0.1,0.4,-0.5
2025/7/31 20:45,0.111111111,0.388888889,-0.5
2025/7/31 20:50,0.111111111,0.388888889,-0.5
2025/7/31 20:55,0,0.5,-0.5
2025/7/31 21:00,0.111111111,0.388888889,-0.5
2025/7/31 21:05,0.0625,0.4375,-0.5
2025/7/31 21:10,0.0625,0.4375,-0.5
2025/7/31 21:15,0.071428571,0.428571429,-0.5
2025/7/31 21:20,0.125,0.375,-0.5
2025/7/31 21:25,0.111111111,0.388888889,-0.5
2025/7/31 21:30,0.055555556,0.444444444,-0.5
2025/7/31 21:35,0.055555556,0.444444444,-0.5
2025/7/31 21:40,0.0625,0.4375,-0.5
2025/7/31 21:45,0,0.5,-0.5
2025/7/31 21:50,0.083333333,0.416666667,-0.5
2025/7/31 21:55,0.1,0.4,-0.5
2025/7/31 22:00,0,0.5,-0.5
2025/7/31 22:05,-0.033333333,0.5,-0.466666667
2025/7/31 22:10,0.05,0.45,-0.5
2025/7/31 22:15,-0.033333333,0.5,-0.466666667
2025/7/31 22:20,0.05,0.45,-0.5
2025/7/31 22:25,0.055555556,0.444444444,-0.5
2025/7/31 22:30,0,0.5,-0.5
2025/7/31 22:35,0,0.5,-0.5
2025/7/31 22:40,0.0625,0.4375,-0.5
2025/7/31 22:45,0.111111111,0.388888889,-0.5
2025/7/31 22:50,0.045454545,0.454545455,-0.5
2025/7/31 22:55,0,0.5,-0.5
2025/7/31 23:00,0.136363636,0.363636364,-0.5
2025/7/31 23:05,0.1,0.4,-0.5
2025/7/31 23:10,0,0.5,-0.5
2025/7/31 23:15,0.1,0.4,-0.5
2025/7/31 23:20,0,0.5,-0.5
2025/7/31 23:25,0.125,0.375,-0.5
2025/7/31 23:30,0.125,0.375,-0.5
2025/7/31 23:35,0.083333333,0.416666667,-0.5
2025/7/31 23:40,0.055555556,0.444444444,-0.5
2025/7/31 23:45,0.166666667,0.333333333,-0.5
2025/7/31 23:50,0.05,0.45,-0.5
